DPTO_KEY,REPORTES,MESES_OBSERVADOS,PERSONAS_ANIO_TOTAL,PERSONAS_ANIO_OBSERVADA,TASA_10K_EXPOSICION_OBSERVADA,TASA_10K_EXPOSICION_TOTAL
TACNA,2641,83,2684791.0,2652267.75,9.957516544097029,9.836892331656356
APURIMAC,2880,84,3000495.0,3000495.0,9.598416261316883,9.598416261316883
HUANUCO,4812,84,5273240.0,5273240.0,9.125319537893212,9.125319537893212
CUSCO,8604,84,9641996.0,9641996.0,8.923463565012886,8.923463565012886
JUNIN,8254,84,9596218.0,9596218.0,8.601305222536627,8.601305222536627
AYACUCHO,3752,84,4682399.0,4682399.0,8.012986505421686,8.012986505421686
LAMBAYEQUE,7149,84,9352314.0,9352314.0,7.6440974928771634,7.6440974928771634
AREQUIPA,7864,84,10859519.0,10859519.0,7.241573038363854,7.241573038363854
LIMA METROPOLITANA,46848,84,69878414.0,69878414.0,6.70421626913284,6.70421626913284
MADRE DE DIOS,859,83,1298075.0,1282136.75,6.699753360942193,6.6174912851722745
TUMBES,1183,84,1813439.0,1813439.0,6.5235169200618275,6.5235169200618275
CALLAO,5309,84,8187379.0,8187379.0,6.484370639248532,6.484370639248532
HUANCAVELICA,1497,84,2451386.0,2451386.0,6.106749406254258,6.106749406254258
PASCO,1137,84,1880370.0,1880370.0,6.046682301887394,6.046682301887394
REGION LIMA,4005,84,6881563.0,6881563.0,5.819898764277824,5.819898764277824
MOQUEGUA,767,81,1378404.0,1329673.5,5.768333354015102,5.5644063714266645
UCAYALI,2477,84,4298971.0,4298971.0,5.761843938933294,5.761843938933294
PUNO,4461,83,8563038.0,8461542.083333334,5.272088652477205,5.209599677123937
AMAZONAS,1477,84,2998981.0,2998981.0,4.925006193770485,4.925006193770485
ICA,3384,84,7130700.0,7130700.0,4.745677142496529,4.745677142496529
ANCASH,3736,84,8339064.0,8339064.0,4.480119111689274,4.480119111689274
SAN MARTIN,2661,83,6457495.0,6379562.166666667,4.171132642775667,4.120792970029401
PIURA,5543,83,14691390.0,14514132.25,3.8190364429123895,3.772958174822124
LORETO,2771,84,7297357.0,7297357.0,3.7972652290411446,3.7972652290411446
LA LIBERTAD,5415,84,14512851.0,14512851.0,3.73117590747676,3.73117590747676
CAJAMARCA,2888,84,10154046.0,10154046.0,2.8441864454819292,2.8441864454819292
