DPTO_KEY,PROP_C0,PROP_C1,PROP_C2,PROP_C3,CLUSTER_MODAL,PUREZA
AMAZONAS,0.2962962962962963,0.6851851851851852,0.018518518518518517,0.0,1,0.6851851851851852
ANCASH,0.7222222222222222,0.2222222222222222,0.05555555555555555,0.0,0,0.7222222222222222
APURIMAC,0.0,0.05555555555555555,0.6666666666666666,0.2777777777777778,2,0.6666666666666666
AREQUIPA,0.0,0.7592592592592593,0.24074074074074073,0.0,1,0.7592592592592593
AYACUCHO,0.0,0.1111111111111111,0.6666666666666666,0.2222222222222222,2,0.6666666666666666
CAJAMARCA,1.0,0.0,0.0,0.0,0,1.0
CALLAO,0.0,0.8333333333333334,0.16666666666666666,0.0,1,0.8333333333333334
CUSCO,0.0,0.05555555555555555,0.7962962962962963,0.14814814814814814,2,0.7962962962962963
HUANCAVELICA,0.16666666666666666,0.6481481481481481,0.16666666666666666,0.018518518518518517,1,0.6481481481481481
HUANUCO,0.0,0.1111111111111111,0.7222222222222222,0.16666666666666666,2,0.7222222222222222
ICA,0.6481481481481481,0.2777777777777778,0.07407407407407407,0.0,0,0.6481481481481481
JUNIN,0.0,0.09259259259259259,0.7777777777777778,0.12962962962962962,2,0.7777777777777778
LA LIBERTAD,1.0,0.0,0.0,0.0,0,1.0
LAMBAYEQUE,0.0,0.35185185185185186,0.5740740740740741,0.07407407407407407,2,0.5740740740740741
LIMA METROPOLITANA,0.018518518518518517,0.8148148148148148,0.16666666666666666,0.0,1,0.8148148148148148
LORETO,0.9814814814814815,0.018518518518518517,0.0,0.0,0,0.9814814814814815
MADRE DE DIOS,0.37735849056603776,0.2830188679245283,0.2830188679245283,0.05660377358490566,0,0.37735849056603776
MOQUEGUA,0.21568627450980393,0.6470588235294118,0.13725490196078433,0.0,1,0.6470588235294118
PASCO,0.24074074074074073,0.48148148148148145,0.2777777777777778,0.0,1,0.48148148148148145
PIURA,0.8490566037735849,0.1509433962264151,0.0,0.0,0,0.8490566037735849
PUNO,0.5094339622641509,0.49056603773584906,0.0,0.0,0,0.5094339622641509
REGION LIMA,0.16666666666666666,0.7222222222222222,0.1111111111111111,0.0,1,0.7222222222222222
SAN MARTIN,0.7358490566037735,0.2641509433962264,0.0,0.0,0,0.7358490566037735
TACNA,0.0,0.09433962264150944,0.4339622641509434,0.4716981132075472,3,0.4716981132075472
TUMBES,0.018518518518518517,0.7222222222222222,0.16666666666666666,0.09259259259259259,1,0.7222222222222222
UCAYALI,0.3148148148148148,0.46296296296296297,0.2222222222222222,0.0,1,0.46296296296296297
