DPTO_KEY,PROP_C0,PROP_C1,PROP_C2,PROP_C3,CLUSTER_MODAL,PUREZA
AMAZONAS,0.07407407407407407,0.48148148148148145,0.18518518518518517,0.25925925925925924,1,0.48148148148148145
ANCASH,0.09259259259259259,0.7407407407407407,0.0,0.16666666666666666,1,0.7407407407407407
APURIMAC,0.18518518518518517,0.0,0.5370370370370371,0.2777777777777778,2,0.5370370370370371
AREQUIPA,0.12962962962962962,0.018518518518518517,0.6481481481481481,0.2037037037037037,2,0.6481481481481481
AYACUCHO,0.2037037037037037,0.0,0.5185185185185185,0.2777777777777778,2,0.5185185185185185
CAJAMARCA,0.018518518518518517,0.7962962962962963,0.0,0.18518518518518517,1,0.7962962962962963
CALLAO,0.1111111111111111,0.2777777777777778,0.42592592592592593,0.18518518518518517,2,0.42592592592592593
CUSCO,0.09259259259259259,0.0,0.7407407407407407,0.16666666666666666,2,0.7407407407407407
HUANCAVELICA,0.09259259259259259,0.3148148148148148,0.35185185185185186,0.24074074074074073,2,0.35185185185185186
HUANUCO,0.12962962962962962,0.0,0.6111111111111112,0.25925925925925924,2,0.6111111111111112
ICA,0.07407407407407407,0.7037037037037037,0.07407407407407407,0.14814814814814814,1,0.7037037037037037
JUNIN,0.1111111111111111,0.0,0.7037037037037037,0.18518518518518517,2,0.7037037037037037
LA LIBERTAD,0.05555555555555555,0.8333333333333334,0.0,0.1111111111111111,1,0.8333333333333334
LAMBAYEQUE,0.09259259259259259,0.0,0.7777777777777778,0.12962962962962962,2,0.7777777777777778
LIMA METROPOLITANA,0.09259259259259259,0.3888888888888889,0.3333333333333333,0.18518518518518517,1,0.3888888888888889
LORETO,0.05555555555555555,0.8333333333333334,0.0,0.1111111111111111,1,0.8333333333333334
MADRE DE DIOS,0.20754716981132076,0.3018867924528302,0.33962264150943394,0.1509433962264151,2,0.33962264150943394
MOQUEGUA,0.13725490196078433,0.3333333333333333,0.1568627450980392,0.37254901960784315,3,0.37254901960784315
PASCO,0.14814814814814814,0.3148148148148148,0.16666666666666666,0.37037037037037035,3,0.37037037037037035
PIURA,0.05660377358490566,0.7735849056603774,0.0,0.16981132075471697,1,0.7735849056603774
PUNO,0.07547169811320754,0.5094339622641509,0.11320754716981132,0.3018867924528302,1,0.5094339622641509
REGION LIMA,0.12962962962962962,0.42592592592592593,0.2222222222222222,0.2222222222222222,1,0.42592592592592593
SAN MARTIN,0.09433962264150944,0.6792452830188679,0.0,0.22641509433962265,1,0.6792452830188679
TACNA,0.22641509433962265,0.0,0.660377358490566,0.11320754716981132,2,0.660377358490566
TUMBES,0.18518518518518517,0.24074074074074073,0.3888888888888889,0.18518518518518517,2,0.3888888888888889
UCAYALI,0.16666666666666666,0.35185185185185186,0.2037037037037037,0.2777777777777778,1,0.35185185185185186
