DPTO_KEY,N_VECINOS,VECINOS
AMAZONAS,4,LA LIBERTAD; CAJAMARCA; SAN MARTIN; LORETO
ANCASH,3,HUANUCO; LA LIBERTAD; REGION LIMA
APURIMAC,3,AREQUIPA; AYACUCHO; CUSCO
AREQUIPA,6,MOQUEGUA; APURIMAC; AYACUCHO; PUNO; CUSCO; ICA
AYACUCHO,6,APURIMAC; AREQUIPA; CUSCO; HUANCAVELICA; ICA; JUNIN
CAJAMARCA,4,AMAZONAS; PIURA; LA LIBERTAD; LAMBAYEQUE
CALLAO,1,LIMA METROPOLITANA
CUSCO,7,MADRE DE DIOS; APURIMAC; AREQUIPA; AYACUCHO; PUNO; UCAYALI; JUNIN
HUANCAVELICA,4,ICA; JUNIN; AYACUCHO; REGION LIMA
HUANUCO,7,ANCASH; PASCO; REGION LIMA; SAN MARTIN; UCAYALI; LA LIBERTAD; LORETO
ICA,4,HUANCAVELICA; AREQUIPA; AYACUCHO; REGION LIMA
JUNIN,6,PASCO; AYACUCHO; REGION LIMA; CUSCO; HUANCAVELICA; UCAYALI
LA LIBERTAD,6,AMAZONAS; ANCASH; CAJAMARCA; SAN MARTIN; HUANUCO; LAMBAYEQUE
LAMBAYEQUE,3,PIURA; LA LIBERTAD; CAJAMARCA
LIMA METROPOLITANA,2,REGION LIMA; CALLAO
LORETO,4,AMAZONAS; HUANUCO; SAN MARTIN; UCAYALI
MADRE DE DIOS,3,UCAYALI; PUNO; CUSCO
MOQUEGUA,3,AREQUIPA; PUNO; TACNA
PASCO,4,HUANUCO; JUNIN; REGION LIMA; UCAYALI
PIURA,3,TUMBES; LAMBAYEQUE; CAJAMARCA
PUNO,5,MADRE DE DIOS; MOQUEGUA; AREQUIPA; TACNA; CUSCO
REGION LIMA,7,ANCASH; PASCO; HUANCAVELICA; HUANUCO; ICA; JUNIN; LIMA METROPOLITANA
SAN MARTIN,4,AMAZONAS; HUANUCO; LA LIBERTAD; LORETO
TACNA,2,MOQUEGUA; PUNO
TUMBES,1,PIURA
UCAYALI,6,MADRE DE DIOS; PASCO; CUSCO; HUANUCO; JUNIN; LORETO
