DPTO_KEY,N_VECINOS,VECINOS
AMAZONAS,4,CAJAMARCA; PIURA; LAMBAYEQUE; SAN MARTIN
ANCASH,4,LA LIBERTAD; HUANUCO; SAN MARTIN; CALLAO
APURIMAC,4,CUSCO; AYACUCHO; AREQUIPA; HUANCAVELICA
AREQUIPA,4,MOQUEGUA; PUNO; APURIMAC; TACNA
AYACUCHO,4,HUANCAVELICA; APURIMAC; ICA; JUNIN
CAJAMARCA,4,LAMBAYEQUE; AMAZONAS; PIURA; LA LIBERTAD
CALLAO,4,LIMA METROPOLITANA; REGION LIMA; JUNIN; HUANCAVELICA
CUSCO,4,APURIMAC; MADRE DE DIOS; PUNO; AYACUCHO
HUANCAVELICA,4,AYACUCHO; ICA; JUNIN; REGION LIMA
HUANUCO,4,PASCO; ANCASH; UCAYALI; JUNIN
ICA,4,HUANCAVELICA; AYACUCHO; LIMA METROPOLITANA; REGION LIMA
JUNIN,4,PASCO; HUANCAVELICA; REGION LIMA; LIMA METROPOLITANA
LA LIBERTAD,4,ANCASH; SAN MARTIN; CAJAMARCA; LAMBAYEQUE
LAMBAYEQUE,4,PIURA; CAJAMARCA; AMAZONAS; LA LIBERTAD
LIMA METROPOLITANA,4,CALLAO; REGION LIMA; JUNIN; HUANCAVELICA
LORETO,4,SAN MARTIN; AMAZONAS; CAJAMARCA; UCAYALI
MADRE DE DIOS,4,CUSCO; APURIMAC; PUNO; UCAYALI
MOQUEGUA,4,TACNA; AREQUIPA; PUNO; APURIMAC
PASCO,4,HUANUCO; JUNIN; UCAYALI; REGION LIMA
PIURA,4,LAMBAYEQUE; TUMBES; CAJAMARCA; AMAZONAS
PUNO,4,MOQUEGUA; AREQUIPA; CUSCO; TACNA
REGION LIMA,4,LIMA METROPOLITANA; CALLAO; JUNIN; HUANCAVELICA
SAN MARTIN,4,LA LIBERTAD; CAJAMARCA; ANCASH; AMAZONAS
TACNA,4,MOQUEGUA; PUNO; AREQUIPA; APURIMAC
TUMBES,4,PIURA; AMAZONAS; LAMBAYEQUE; CAJAMARCA
UCAYALI,4,PASCO; HUANUCO; JUNIN; REGION LIMA
