DPTO_KEY,VALOR,k_vecinos,N_configuraciones,metodo_p,LISA_Ii,LISA_cuadrante,Gi_z,p_plegado,p_bilateral,p_bilateral_min_alcanzable,q_FDR,q_BY,LISA_clase_FDR,LISA_clase_sin_ajuste,LISA_clase_BY,Gi_clase_FDR,Gi_clase_sin_ajuste
APURIMAC,9.598416261316883,4,12650,exacto,1.1439149816898933,Alto-Alto,2.183205909593341,0.05067193675889328,0.10134387351778656,0.00015810276679841898,0.28856916996047427,1.0,n.s.,n.s.,n.s.,n.s.,n.s.
CUSCO,8.923463565012886,4,12650,exacto,0.7902989343499478,Alto-Alto,1.8327274873720463,0.08521739130434783,0.17043478260869566,0.00015810276679841898,0.36927536231884056,1.0,n.s.,n.s.,n.s.,n.s.,n.s.
AREQUIPA,7.241573038363854,4,12650,exacto,0.3558949869997698,Alto-Alto,1.6624430958525203,0.06260869565217392,0.12521739130434784,0.00015810276679841898,0.29596837944664034,1.0,n.s.,n.s.,n.s.,n.s.,n.s.
MOQUEGUA,5.768333354015102,4,12650,exacto,-0.22680647811490964,Bajo-Alto,1.6624430958525203,0.030276679841897233,0.06055335968379447,0.00015810276679841898,0.25721061547148505,0.9913976674930985,n.s.,n.s.,n.s.,n.s.,n.s.
TACNA,9.957516544097029,4,12650,exacto,0.6854031732061486,Alto-Alto,1.6624430958525203,0.16205533596837945,0.3241106719367589,0.00015810276679841898,0.48391743522178304,1.0,n.s.,n.s.,n.s.,n.s.,n.s.
PUNO,5.272088652477205,4,12650,exacto,-0.4433324254533886,Bajo-Alto,1.49058714300862,0.03462450592885376,0.06924901185770752,0.00015810276679841898,0.25721061547148505,0.9913976674930985,n.s.,n.s.,n.s.,n.s.,n.s.
AYACUCHO,8.012986505421686,4,12650,exacto,0.45908781597219855,Alto-Alto,1.465675038247364,0.123399209486166,0.246798418972332,0.00015810276679841898,0.42185770750988144,1.0,n.s.,n.s.,n.s.,n.s.,n.s.
MADRE DE DIOS,6.699753360942193,4,12650,exacto,0.12926049968220973,Alto-Alto,1.2595432436912448,0.11075098814229249,0.22150197628458498,0.00015810276679841898,0.42185770750988144,1.0,n.s.,n.s.,n.s.,n.s.,n.s.
UCAYALI,5.761843938933294,4,12650,exacto,-0.14875797737844754,Bajo-Alto,1.0302545271052672,0.11573122529644268,0.23146245059288537,0.00015810276679841898,0.42185770750988144,1.0,n.s.,n.s.,n.s.,n.s.,n.s.
PASCO,6.046682301887394,4,12650,exacto,-0.05998973329967811,Bajo-Alto,1.0302545271052672,0.12980237154150198,0.25960474308300396,0.00015810276679841898,0.42185770750988144,1.0,n.s.,n.s.,n.s.,n.s.,n.s.
HUANUCO,9.125319537893212,4,12650,exacto,-0.029442819893403235,Alto-Bajo,0.6891208297998058,0.45873517786561263,0.9174703557312253,0.00015810276679841898,0.9541691699604743,1.0,n.s.,n.s.,n.s.,n.s.,n.s.
CALLAO,6.484370639248532,4,12650,exacto,0.031839383517884255,Alto-Alto,0.6130584676852888,0.2741501976284585,0.548300395256917,0.00015810276679841898,0.6907797340998922,1.0,n.s.,n.s.,n.s.,n.s.,n.s.
LIMA METROPOLITANA,6.70421626913284,4,12650,exacto,0.0569162415533035,Alto-Alto,0.6130584676852888,0.2922529644268775,0.584505928853755,0.00015810276679841898,0.6907797340998922,1.0,n.s.,n.s.,n.s.,n.s.,n.s.
REGION LIMA,5.819898764277824,4,12650,exacto,-0.08241534253588648,Bajo-Alto,0.6130584676852888,0.22885375494071147,0.45770750988142295,0.00015810276679841898,0.6263365924693156,1.0,n.s.,n.s.,n.s.,n.s.,n.s.
HUANCAVELICA,6.106749406254258,4,12650,exacto,-0.021639805888421078,Bajo-Alto,0.5035917273029769,0.2844268774703557,0.5688537549407114,0.00015810276679841898,0.6907797340998922,1.0,n.s.,n.s.,n.s.,n.s.,n.s.
JUNIN,8.601305222536627,4,12650,exacto,-0.056581095779691386,Alto-Bajo,0.5016145892064614,0.49035573122529647,0.9807114624505929,0.00015810276679841898,0.9807114624505929,1.0,n.s.,n.s.,n.s.,n.s.,n.s.
ICA,4.745677142496529,4,12650,exacto,-0.15845858809083774,Bajo-Alto,0.020556350894907635,0.3549407114624506,0.7098814229249012,0.00015810276679841898,0.7690382081686429,1.0,n.s.,n.s.,n.s.,n.s.,n.s.
ANCASH,4.480119111689274,4,12650,exacto,0.17900993493421805,Bajo-Bajo,-0.8444897162661752,0.3166798418972332,0.6333596837944664,0.00015810276679841898,0.7159718164633099,1.0,n.s.,n.s.,n.s.,n.s.,n.s.
TUMBES,6.5235169200618275,4,12650,exacto,-0.09962456941688769,Alto-Bajo,-1.4138882242053026,0.05549407114624506,0.11098814229249011,0.00015810276679841898,0.28856916996047427,1.0,n.s.,n.s.,n.s.,n.s.,n.s.
PIURA,3.8190364429123895,4,12650,exacto,0.4972844288742401,Bajo-Bajo,-1.4138882242053026,0.1675098814229249,0.3350197628458498,0.00015810276679841898,0.48391743522178304,1.0,n.s.,n.s.,n.s.,n.s.,n.s.
AMAZONAS,4.925006193770485,4,12650,exacto,0.5747264320739055,Bajo-Bajo,-2.012850556886964,0.027114624505928855,0.05422924901185771,0.00015810276679841898,0.25721061547148505,0.9913976674930985,n.s.,n.s.,n.s.,n.s.,n.s.
CAJAMARCA,2.8441864454819292,4,12650,exacto,1.1023059510480127,Bajo-Bajo,-2.1248720131592576,0.05090909090909091,0.10181818181818182,0.00015810276679841898,0.28856916996047427,1.0,n.s.,n.s.,n.s.,n.s.,n.s.
LAMBAYEQUE,7.6440974928771634,4,12650,exacto,-0.8801566063792023,Alto-Bajo,-2.1248720131592576,0.0011857707509881424,0.0023715415019762848,0.00015810276679841898,0.036996047430830035,0.14259829463941825,Alto-Bajo,Alto-Bajo,n.s.,Coldspot,Coldspot
LA LIBERTAD,3.73117590747676,4,12650,exacto,0.9785043168810135,Bajo-Bajo,-2.148498358481103,0.033122529644268775,0.06624505928853755,0.00015810276679841898,0.25721061547148505,0.9913976674930985,n.s.,n.s.,n.s.,n.s.,n.s.
LORETO,3.7972652290411446,4,12650,exacto,1.1848136395517874,Bajo-Bajo,-2.4976519251948126,0.010118577075098814,0.02023715415019763,0.00015810276679841898,0.17538866930171276,0.6760215449572422,n.s.,Bajo-Bajo,n.s.,n.s.,Coldspot
SAN MARTIN,4.171132642775667,4,12650,exacto,1.2406714881537217,Bajo-Bajo,-2.8408313599438677,0.0014229249011857706,0.0028458498023715413,0.00015810276679841898,0.036996047430830035,0.14259829463941825,Bajo-Bajo,Bajo-Bajo,n.s.,Coldspot,Coldspot
