EXCLUIDA,I,E_I,z_perm,p_sim_plegado,p_bilateral,p_normal_bilateral,nota
AMAZONAS,0.06870842841469571,-0.041666666666666664,0.7976505752133655,0.218,0.436,0.4390191927658066,
ANCASH,0.12097850907450756,-0.041666666666666664,1.1823979390057828,0.128,0.256,0.24886016985875803,
APURIMAC,0.03352017342923349,-0.041666666666666664,0.5162930711141596,0.296,0.592,0.5933043928898991,
AREQUIPA,0.13089753491558948,-0.041666666666666664,1.145161790894376,0.132,0.264,0.23755500780188288,
AYACUCHO,0.0955925534546815,-0.041666666666666664,0.918815935104266,0.183,0.366,0.3423813830548367,
CAJAMARCA,0.029080407959874946,-0.041666666666666664,0.4755485289199485,0.315,0.63,0.6272920388243091,
CALLAO,0.11947876735654764,-0.041666666666666664,1.2201581398644008,0.122,0.244,0.23064303385713925,
CUSCO,0.05580977058464797,-0.041666666666666664,0.6798264004548432,0.246,0.492,0.5053679372604436,
HUANCAVELICA,0.12774647011572757,-0.041666666666666664,1.1963660343203173,0.129,0.258,0.23247210321633816,
HUANUCO,0.28939875726663616,-0.041666666666666664,2.327416949024799,0.019,0.038,0.023446802687744763,
ICA,0.14689242955422563,-0.041666666666666664,1.2950582135799158,0.098,0.196,0.18436141740441014,
JUNIN,0.10692833635131346,-0.041666666666666664,0.9830873641272364,0.163,0.326,0.30188102883507295,
LA LIBERTAD,0.058542824057155836,-0.041666666666666664,0.6273485320877425,0.277,0.554,0.4940417967419122,
LAMBAYEQUE,0.23459642558316812,-0.041666666666666664,1.861080950762993,0.042,0.084,0.05406260579664489,
LIMA METROPOLITANA,,,,,,,Unidades sin vecinos (queen): ['CALLAO']
LORETO,0.11351447606628257,-0.041666666666666664,0.971436995630403,0.179,0.358,0.27512938548041066,
MADRE DE DIOS,0.12007229233643373,-0.041666666666666664,1.069050956660517,0.147,0.294,0.2512285270322754,
MOQUEGUA,0.11732168046178995,-0.041666666666666664,1.0441695407207496,0.146,0.292,0.26686465518388014,
PASCO,0.12079235992458236,-0.041666666666666664,1.0993827509890135,0.154,0.308,0.25210515818178514,
PIURA,,,,,,,Unidades sin vecinos (queen): ['TUMBES']
PUNO,0.15928828679773807,-0.041666666666666664,1.325962863757093,0.092,0.184,0.17635165598342595,
REGION LIMA,0.11446345963131585,-0.041666666666666664,0.9719031090969433,0.166,0.332,0.306347428495615,
SAN MARTIN,0.09030291611888724,-0.041666666666666664,0.8576957093578114,0.188,0.376,0.35403015174706776,
TACNA,0.18681471993298182,-0.041666666666666664,1.5981506795978075,0.057,0.114,0.10102291425183624,
TUMBES,0.13996319905598792,-0.041666666666666664,1.3458024870215444,0.091,0.182,0.17935208947753545,
UCAYALI,0.1341000061537315,-0.041666666666666664,1.200446138585513,0.123,0.246,0.22336310829276207,
