unidad,winsor,espacio,escalador,regla_k,n,K,silhouette,ari_fila,ari_unidad,ari_bloque_temporal,NMI_unidad,p_NMI_bloques,fraccion_H_unidad,unidades_pureza_095,es_manuscrito_original,afirma_estructura_por_silhouette,afirma_estructura_por_filas,estructura_robusta_panel,fuga_identidad
panel,False,E1_relativo,standard,silhouette_max,1396,3,0.41466655441883826,0.8888672585006281,0.8667634413772392,0.7518279813889336,0.01386073026470323,0.41,0.030004847191342554,0,False,False,True,False,False
panel,False,E1_relativo,standard,estabilidad_filas,1396,2,0.40927320405736534,0.9297817919771214,0.9037528686906876,0.7264132265340923,0.003012321159642122,0.995,0.008590234604369584,0,False,False,True,False,False
panel,False,E1_relativo,standard,estabilidad_bloques,1396,3,0.41466655441883826,0.8888672585006281,0.8667634413772392,0.7518279813889336,0.01386073026470323,0.41,0.030004847191342554,0,False,False,True,False,False
panel,False,E1_relativo,robust,silhouette_max,1396,3,0.4231387655049552,0.8866466238643597,0.8685960072421979,0.780466721048716,0.011832524151467792,0.245,0.026483091946632897,0,False,False,True,False,False
panel,False,E1_relativo,robust,estabilidad_filas,1396,2,0.40154331739132376,0.8433086494763996,0.8047436591903795,0.7051041588736681,0.003995983505887726,0.91,0.011444796424023629,0,False,False,True,False,False
panel,False,E1_relativo,robust,estabilidad_bloques,1396,3,0.4231387655049552,0.8866466238643597,0.8685960072421979,0.780466721048716,0.011832524151467792,0.245,0.026483091946632897,0,False,False,True,False,False
panel,False,E2_relativo_mas_nivel,standard,silhouette_max,1396,4,0.29607776744621617,0.7141081408523071,0.6522730166215948,0.6675103006662819,0.13697812483675445,0.005,0.23855777180215,0,False,False,False,False,False
panel,False,E2_relativo_mas_nivel,standard,estabilidad_filas,1396,2,0.2805155561716021,0.8416098125658706,0.825292242249217,0.5586064293344174,0.0031454341138306774,0.995,0.008968955868435047,0,False,False,True,False,False
panel,False,E2_relativo_mas_nivel,standard,estabilidad_bloques,1396,4,0.29607776744621617,0.7141081408523071,0.6522730166215948,0.6675103006662819,0.13697812483675445,0.005,0.23855777180215,0,False,False,False,False,False
panel,False,E2_relativo_mas_nivel,robust,silhouette_max,1396,3,0.31691799495264894,0.8544298655863317,0.8241825024759708,0.7076047967362868,0.022372165236908315,0.005,0.048867226212540804,0,False,False,True,False,False
panel,False,E2_relativo_mas_nivel,robust,estabilidad_filas,1396,2,0.31690500634781504,0.8332581886046386,0.8426708165424797,0.7152823711651711,0.005308870480240183,0.725,0.015409036502305962,0,False,False,True,False,False
panel,False,E2_relativo_mas_nivel,robust,estabilidad_bloques,1396,2,0.31690500634781504,0.8332581886046386,0.8426708165424797,0.7152823711651711,0.005308870480240183,0.725,0.015409036502305962,0,False,False,True,False,False
panel,False,E3_nivel,standard,silhouette_max,1396,2,0.4763983747624757,0.9672914492792655,0.7969146568641939,0.8418731888199819,0.1913134900052259,0.005,0.548109176381915,11,False,False,True,False,True
panel,False,E3_nivel,standard,estabilidad_filas,1396,2,0.4763983747624757,0.9672914492792655,0.7969146568641939,0.8418731888199819,0.1913134900052259,0.005,0.548109176381915,11,False,False,True,False,True
panel,False,E3_nivel,standard,estabilidad_bloques,1396,3,0.426360056217212,0.9086750993570302,0.8076253412076371,0.7993376961910059,0.22682045632242345,0.005,0.46305038229680995,4,False,False,True,False,True
panel,False,E3_nivel,robust,silhouette_max,1396,2,0.47672788130324756,0.9515261761685216,0.8013086176695825,0.8573177613427829,0.18582705346377737,0.005,0.5320599851294849,11,False,False,True,True,True
panel,False,E3_nivel,robust,estabilidad_filas,1396,2,0.47672788130324756,0.9515261761685216,0.8013086176695825,0.8573177613427829,0.18582705346377737,0.005,0.5320599851294849,11,False,False,True,True,True
panel,False,E3_nivel,robust,estabilidad_bloques,1396,2,0.47672788130324756,0.9515261761685216,0.8013086176695825,0.8573177613427829,0.18582705346377737,0.005,0.5320599851294849,11,False,False,True,True,True
panel,False,E2_mas_ID,standard,silhouette_max,1396,5,0.3112096190295481,0.8060959378173663,0.6340377199786921,0.7626690253244536,0.21465137657459987,0.005,0.35127373043228594,1,False,False,True,False,True
panel,False,E2_mas_ID,standard,estabilidad_filas,1396,3,0.29051128166424106,0.8496924001289777,0.5656516132793887,0.5928278295853464,0.08249147797629468,0.005,0.20314880849180705,1,False,False,True,False,False
panel,False,E2_mas_ID,standard,estabilidad_bloques,1396,5,0.3112096190295481,0.8060959378173663,0.6340377199786921,0.7626690253244536,0.21465137657459987,0.005,0.35127373043228594,1,False,False,True,False,True
panel,False,E2_mas_ID,robust,silhouette_max,1396,2,0.8600122704328366,1.0,0.5418552973785736,1.0,0.09570096683059484,0.005,1.0,26,False,True,True,False,True
panel,False,E2_mas_ID,robust,estabilidad_filas,1396,2,0.8600122704328366,1.0,0.5418552973785736,1.0,0.09570096683059484,0.005,1.0,26,False,True,True,False,True
panel,False,E2_mas_ID,robust,estabilidad_bloques,1396,5,0.30314213508650756,0.8874382193422996,0.6639909507029562,0.8024633921075605,0.24880573233649436,0.005,0.41119648859999103,1,False,False,True,False,True
celda,False,E1_relativo,standard,silhouette_max,20000,2,0.586874939346197,0.6983472499592673,0.5055642789585826,0.6589325941887195,0.0014756190164503268,0.005,0.008468907334176712,2,False,True,False,False,False
celda,False,E1_relativo,standard,estabilidad_filas,20000,3,0.446336782106198,0.9725495778948179,0.7427042815969763,0.6871538118307605,0.19430478919081032,0.005,0.41238935948067634,0,False,False,True,False,True
celda,False,E1_relativo,standard,estabilidad_bloques,20000,5,0.4772096230572062,0.9928862637745441,0.818697286904339,0.7916745182626346,0.2287947848954197,0.005,0.3619505305565536,0,False,False,True,False,True
celda,False,E1_relativo,robust,silhouette_max,20000,2,0.7203949723602192,0.9907182222247292,0.9624364226982832,0.9881322201523952,0.0012821790560846962,0.005,0.007279640330746906,2,False,True,True,True,False
celda,False,E1_relativo,robust,estabilidad_filas,20000,2,0.7203949723602192,0.9907182222247292,0.9624364226982832,0.9881322201523952,0.0012821790560846962,0.005,0.007279640330746906,2,False,True,True,True,False
celda,False,E1_relativo,robust,estabilidad_bloques,20000,2,0.7203949723602192,0.9907182222247292,0.9624364226982832,0.9881322201523952,0.0012821790560846962,0.005,0.007279640330746906,2,False,True,True,True,False
celda,False,E2_relativo_mas_nivel,standard,silhouette_max,20000,5,0.49053092533573833,0.9234726777597606,0.757902821567976,0.6852763690127722,0.23645356573563753,0.005,0.3773156421055882,0,False,False,True,False,True
celda,False,E2_relativo_mas_nivel,standard,estabilidad_filas,20000,2,0.4235486723299717,0.9226460105655795,0.7243302488264066,0.6369117312575966,0.2114916948552956,0.005,0.5510292016406352,14,False,False,True,False,True
celda,False,E2_relativo_mas_nivel,standard,estabilidad_bloques,20000,4,0.47899374976023845,0.9928529550699807,0.7857152319883896,0.7621939299827563,0.24958865757406792,0.005,0.42643746117474945,1,False,False,True,False,True
celda,False,E2_relativo_mas_nivel,robust,silhouette_max,20000,2,0.6856093176389999,0.9900756468411762,0.9634862640975591,0.9879347659640499,0.0012821790560846962,0.005,0.007279640330746906,2,False,True,True,True,False
celda,False,E2_relativo_mas_nivel,robust,estabilidad_filas,20000,2,0.6856093176389999,0.9900756468411762,0.9634862640975591,0.9879347659640499,0.0012821790560846962,0.005,0.007279640330746906,2,False,True,True,True,False
celda,False,E2_relativo_mas_nivel,robust,estabilidad_bloques,20000,2,0.6856093176389999,0.9900756468411762,0.9634862640975591,0.9879347659640499,0.0012821790560846962,0.005,0.007279640330746906,2,False,True,True,True,False
celda,False,E3_nivel,standard,silhouette_max,20000,5,0.4579827553518739,0.9505398968671829,0.7057744940455168,0.8346167310325441,0.31622174961277244,0.005,0.5057772677322868,3,False,False,True,False,True
celda,False,E3_nivel,standard,estabilidad_filas,20000,2,0.4179635213813438,0.9890830921060256,0.5869822958654269,0.8416126835984054,0.1941606973421501,0.005,0.5087564319158109,13,False,False,True,False,True
celda,False,E3_nivel,standard,estabilidad_bloques,20000,5,0.4579827553518739,0.9505398968671829,0.7057744940455168,0.8346167310325441,0.31622174961277244,0.005,0.5057772677322868,3,False,False,True,False,True
celda,False,E3_nivel,robust,silhouette_max,20000,2,0.7491554660820764,0.9938390910542271,0.8446985695190457,0.9581143181770029,0.054360674268879805,0.005,0.36591909499453235,15,False,True,True,True,True
celda,False,E3_nivel,robust,estabilidad_filas,20000,2,0.7491554660820764,0.9938390910542271,0.8446985695190457,0.9581143181770029,0.054360674268879805,0.005,0.36591909499453235,15,False,True,True,True,True
celda,False,E3_nivel,robust,estabilidad_bloques,20000,2,0.7491554660820764,0.9938390910542271,0.8446985695190457,0.9581143181770029,0.054360674268879805,0.005,0.36591909499453235,15,False,True,True,True,True
celda,False,E2_mas_ID,standard,silhouette_max,20000,4,0.5233510848595199,0.9885836442291875,0.6468318375354819,0.953292747557747,0.42195521006207626,0.005,0.7109317790874242,4,False,True,True,False,True
celda,False,E2_mas_ID,standard,estabilidad_filas,20000,2,0.3740777586416584,0.9624155694178318,0.6164119630143607,0.9050052320737674,0.2846877482024971,0.005,0.780233304257935,16,False,False,True,False,True
celda,False,E2_mas_ID,standard,estabilidad_bloques,20000,5,0.5012512646970558,0.9939981479335831,0.7249123354041316,0.9089354163517678,0.4274151864583305,0.005,0.6327257950737828,3,False,True,True,False,True
celda,False,E2_mas_ID,robust,silhouette_max,20000,3,0.6564556435044387,0.9944456498477582,0.5303863929962065,0.9858912022656527,0.28377749459751694,0.005,0.6961551482557378,4,False,True,True,False,True
celda,False,E2_mas_ID,robust,estabilidad_filas,20000,2,0.6259697565068825,1.0,0.4453023602740763,1.0,0.311670445912928,0.005,1.0,26,False,True,True,False,True
celda,False,E2_mas_ID,robust,estabilidad_bloques,20000,4,0.48836798410866666,0.9908015027931082,0.6965067063412425,0.9620085409960982,0.43451153512623103,0.005,0.7272988776974401,1,False,False,True,False,True
celda,False,O_manuscrito,standard,silhouette_max,20000,2,0.25791808384056497,0.9501454802504943,0.5982724302409518,1.0,0.313641584916507,0.005,1.0,26,False,False,True,False,True
celda,False,O_manuscrito,standard,estabilidad_filas,20000,2,0.25791808384056497,0.9501454802504943,0.5982724302409518,1.0,0.313641584916507,0.005,1.0,26,False,False,True,False,True
celda,False,O_manuscrito,standard,estabilidad_bloques,20000,2,0.25791808384056497,0.9501454802504943,0.5982724302409518,1.0,0.313641584916507,0.005,1.0,26,False,False,True,False,True
celda,False,O_manuscrito,robust,silhouette_max,20000,3,0.566235884430138,0.9028135478459047,0.6638662953002299,0.9393372134228782,0.33104485569886866,0.005,0.7868186155522754,13,False,True,True,False,True
celda,False,O_manuscrito,robust,estabilidad_filas,20000,2,0.5365590474232556,1.0,0.6330858311406841,1.0,0.313641584916507,0.005,1.0,26,False,True,True,False,True
celda,False,O_manuscrito,robust,estabilidad_bloques,20000,6,0.31916122623386867,0.9689303681994638,0.7230265433458525,0.7196818912083959,0.3034790809821513,0.005,0.45603431023360874,1,False,False,True,False,True
panel,True,E1_relativo,standard,silhouette_max,1396,3,0.4091033495223461,0.8635269575051459,0.8384990371430208,0.7566214907794555,0.013022383359997457,0.605,0.028059164085479704,0,False,False,True,False,False
panel,True,E1_relativo,standard,estabilidad_filas,1396,2,0.40907542623601667,0.8939085415356718,0.8822192029191964,0.7093389904829943,0.003604482408998484,0.985,0.010273415112133089,0,False,False,True,False,False
panel,True,E1_relativo,standard,estabilidad_bloques,1396,4,0.3586652456805383,0.8698475525107547,0.7909268140004032,0.7630209845941279,0.015183061175273495,0.755,0.027327928666992407,0,False,False,True,False,False
panel,True,E1_relativo,robust,silhouette_max,1396,3,0.4185222094877339,0.8841222332329846,0.8694613240611491,0.7762161765064503,0.012034686596994132,0.22,0.02677986152338696,0,False,False,True,False,False
panel,True,E1_relativo,robust,estabilidad_filas,1396,2,0.4101857598537011,0.9020797361128116,0.8899075984958772,0.7554616228034938,0.005026093344493618,0.815,0.014592762313400676,0,False,False,True,False,False
panel,True,E1_relativo,robust,estabilidad_bloques,1396,3,0.4185222094877339,0.8841222332329846,0.8694613240611491,0.7762161765064503,0.012034686596994132,0.22,0.02677986152338696,0,False,False,True,False,False
panel,True,E2_relativo_mas_nivel,standard,silhouette_max,1396,4,0.295506623801741,0.8089074905023785,0.7061889688697696,0.6660119029295594,0.1426010750892811,0.005,0.2468335411829784,0,False,False,True,False,False
panel,True,E2_relativo_mas_nivel,standard,estabilidad_filas,1396,2,0.2805755720504002,0.8294678587684782,0.7882670154302145,0.5661409930962152,0.0032880889247129375,0.99,0.009372976419638523,0,False,False,True,False,False
panel,True,E2_relativo_mas_nivel,standard,estabilidad_bloques,1396,4,0.295506623801741,0.8089074905023785,0.7061889688697696,0.6660119029295594,0.1426010750892811,0.005,0.2468335411829784,0,False,False,True,False,False
panel,True,E2_relativo_mas_nivel,robust,silhouette_max,1396,2,0.32177388670767054,0.874265822687933,0.8991969553318648,0.7367456693611592,0.00569878290229642,0.615,0.01656667409312851,0,False,False,True,False,False
panel,True,E2_relativo_mas_nivel,robust,estabilidad_filas,1396,2,0.32177388670767054,0.874265822687933,0.8991969553318648,0.7367456693611592,0.00569878290229642,0.615,0.01656667409312851,0,False,False,True,False,False
panel,True,E2_relativo_mas_nivel,robust,estabilidad_bloques,1396,2,0.32177388670767054,0.874265822687933,0.8991969553318648,0.7367456693611592,0.00569878290229642,0.615,0.01656667409312851,0,False,False,True,False,False
panel,True,E3_nivel,standard,silhouette_max,1396,2,0.48494159294563444,0.9800004096826219,0.8495510927585226,0.8957295166013803,0.19663352198817535,0.005,0.5659368040257822,11,False,False,True,True,True
panel,True,E3_nivel,standard,estabilidad_filas,1396,2,0.48494159294563444,0.9800004096826219,0.8495510927585226,0.8957295166013803,0.19663352198817535,0.005,0.5659368040257822,11,False,False,True,True,True
panel,True,E3_nivel,standard,estabilidad_bloques,1396,2,0.48494159294563444,0.9800004096826219,0.8495510927585226,0.8957295166013803,0.19663352198817535,0.005,0.5659368040257822,11,False,False,True,True,True
panel,True,E3_nivel,robust,silhouette_max,1396,2,0.48497725165091404,0.9727179424250968,0.8566018601766847,0.8820686376613267,0.18971686262743348,0.005,0.5466526933253264,11,False,False,True,True,True
panel,True,E3_nivel,robust,estabilidad_filas,1396,2,0.48497725165091404,0.9727179424250968,0.8566018601766847,0.8820686376613267,0.18971686262743348,0.005,0.5466526933253264,11,False,False,True,True,True
panel,True,E3_nivel,robust,estabilidad_bloques,1396,2,0.48497725165091404,0.9727179424250968,0.8566018601766847,0.8820686376613267,0.18971686262743348,0.005,0.5466526933253264,11,False,False,True,True,True
panel,True,E2_mas_ID,standard,silhouette_max,1396,5,0.3065771254137462,0.8407763812145136,0.6704224814737667,0.6879842477743228,0.20983971574817434,0.005,0.34385571564320827,1,False,False,True,False,True
panel,True,E2_mas_ID,standard,estabilidad_filas,1396,3,0.29063981231679537,0.8413573815762492,0.5674666934345776,0.6149997141929944,0.08302895059863942,0.005,0.20446927900818135,1,False,False,True,False,False
panel,True,E2_mas_ID,standard,estabilidad_bloques,1396,5,0.3065771254137462,0.8407763812145136,0.6704224814737667,0.6879842477743228,0.20983971574817434,0.005,0.34385571564320827,1,False,False,True,False,True
panel,True,E2_mas_ID,robust,silhouette_max,1396,2,0.853650802495033,1.0,0.5410974433654285,1.0,0.09570096683059484,0.005,1.0,26,False,True,True,False,True
panel,True,E2_mas_ID,robust,estabilidad_filas,1396,2,0.853650802495033,1.0,0.5410974433654285,1.0,0.09570096683059484,0.005,1.0,26,False,True,True,False,True
panel,True,E2_mas_ID,robust,estabilidad_bloques,1396,5,0.304942172671748,0.8741537487658467,0.643817732754637,0.7923478578703229,0.24806317347315968,0.005,0.4131421462763998,1,False,False,True,False,True
celda,True,E1_relativo,standard,silhouette_max,20000,2,0.5730807855217805,0.8390136611326001,0.45424227751332913,0.8344542458157868,0.0012566068731345254,0.005,0.00678275917319926,2,False,True,True,False,False
celda,True,E1_relativo,standard,estabilidad_filas,20000,2,0.5730807855217805,0.8390136611326001,0.45424227751332913,0.8344542458157868,0.0012566068731345254,0.005,0.00678275917319926,2,False,True,True,False,False
celda,True,E1_relativo,standard,estabilidad_bloques,20000,3,0.45765831793799905,0.9901009413241999,0.912330353179664,0.8609507402623183,0.20412780642555567,0.005,0.42535333612110604,0,False,False,True,True,True
celda,True,E1_relativo,robust,silhouette_max,20000,2,0.7074326310384519,0.9966675179642138,0.9917395504215898,0.9666478857877978,0.0012418790044730376,0.005,0.006703262881716632,2,False,True,True,True,False
celda,True,E1_relativo,robust,estabilidad_filas,20000,2,0.7074326310384519,0.9966675179642138,0.9917395504215898,0.9666478857877978,0.0012418790044730376,0.005,0.006703262881716632,2,False,True,True,True,False
celda,True,E1_relativo,robust,estabilidad_bloques,20000,2,0.7074326310384519,0.9966675179642138,0.9917395504215898,0.9666478857877978,0.0012418790044730376,0.005,0.006703262881716632,2,False,True,True,True,False
celda,True,E2_relativo_mas_nivel,standard,silhouette_max,20000,3,0.48879220778357724,0.9582971413368462,0.8996550612383964,0.9017993238226802,0.2068205646837559,0.005,0.4340832557680325,1,False,False,True,True,True
celda,True,E2_relativo_mas_nivel,standard,estabilidad_filas,20000,2,0.4349517033354188,0.9827675857042971,0.8570890601814452,0.9341973634476435,0.22448229217610607,0.005,0.5833466052362382,14,False,False,True,True,True
celda,True,E2_relativo_mas_nivel,standard,estabilidad_bloques,20000,2,0.4349517033354188,0.9827675857042971,0.8570890601814452,0.9341973634476435,0.22448229217610607,0.005,0.5833466052362382,14,False,False,True,True,True
celda,True,E2_relativo_mas_nivel,robust,silhouette_max,20000,2,0.6443230015285016,0.9962310643019029,0.9434655045133832,0.9666541799328975,0.0012243846759741259,0.005,0.006601719037633069,2,False,True,True,True,False
celda,True,E2_relativo_mas_nivel,robust,estabilidad_filas,20000,2,0.6443230015285016,0.9962310643019029,0.9434655045133832,0.9666541799328975,0.0012243846759741259,0.005,0.006601719037633069,2,False,True,True,True,False
celda,True,E2_relativo_mas_nivel,robust,estabilidad_bloques,20000,2,0.6443230015285016,0.9962310643019029,0.9434655045133832,0.9666541799328975,0.0012243846759741259,0.005,0.006601719037633069,2,False,True,True,True,False
celda,True,E3_nivel,standard,silhouette_max,20000,3,0.4498334188596752,0.9807682171839238,0.8161786594950794,0.9302948618115998,0.24562761723528523,0.005,0.5406682307071473,8,False,False,True,True,True
celda,True,E3_nivel,standard,estabilidad_filas,20000,2,0.4141628944435735,0.9761355182835402,0.5669965675402396,0.850424223538799,0.2016954013226608,0.005,0.5275078843385674,12,False,False,True,False,True
celda,True,E3_nivel,standard,estabilidad_bloques,20000,3,0.4498334188596752,0.9807682171839238,0.8161786594950794,0.9302948618115998,0.24562761723528523,0.005,0.5406682307071473,8,False,False,True,True,True
celda,True,E3_nivel,robust,silhouette_max,20000,2,0.746283888229267,0.9748422202396252,0.8901718235223999,0.8647756773678085,0.053908400799320716,0.005,0.35920656361326553,15,False,True,True,True,True
celda,True,E3_nivel,robust,estabilidad_filas,20000,2,0.746283888229267,0.9748422202396252,0.8901718235223999,0.8647756773678085,0.053908400799320716,0.005,0.35920656361326553,15,False,True,True,True,True
celda,True,E3_nivel,robust,estabilidad_bloques,20000,2,0.746283888229267,0.9748422202396252,0.8901718235223999,0.8647756773678085,0.053908400799320716,0.005,0.35920656361326553,15,False,True,True,True,True
celda,True,E2_mas_ID,standard,silhouette_max,20000,4,0.5241262878399944,0.9916379535228648,0.6525108099869229,0.9543107848989261,0.4206422861366032,0.005,0.7022360473512296,2,False,True,True,False,True
celda,True,E2_mas_ID,standard,estabilidad_filas,20000,2,0.3612905638937973,0.846770313108483,0.5169785597069904,0.8215712012212506,0.2898910634388715,0.005,0.7974069546987558,15,False,False,True,False,True
celda,True,E2_mas_ID,standard,estabilidad_bloques,20000,5,0.49656484987404803,0.9757319362637388,0.7546133620350954,0.8972984823079487,0.4161344369123076,0.005,0.6106949460174098,1,False,False,True,False,True
celda,True,E2_mas_ID,robust,silhouette_max,20000,3,0.6529627450774169,0.9677994783078325,0.5351628374920349,0.9946120859479854,0.2777293100815258,0.005,0.6655368482105669,3,False,True,True,False,True
celda,True,E2_mas_ID,robust,estabilidad_filas,20000,2,0.6361523830267211,1.0,0.45428094246785705,1.0,0.311670445912928,0.005,1.0,26,False,True,True,False,True
celda,True,E2_mas_ID,robust,estabilidad_bloques,20000,4,0.5055985485030563,0.9935980021568392,0.7129515423753777,0.979730575915222,0.43079131433566814,0.005,0.717319357052161,2,False,True,True,False,True
celda,True,O_manuscrito,standard,silhouette_max,20000,2,0.2589825356980848,1.0,0.5978048749665271,1.0,0.313641584916507,0.005,1.0,26,False,False,True,False,True
celda,True,O_manuscrito,standard,estabilidad_filas,20000,2,0.2589825356980848,1.0,0.5978048749665271,1.0,0.313641584916507,0.005,1.0,26,False,False,True,False,True
celda,True,O_manuscrito,standard,estabilidad_bloques,20000,4,0.21484223222882465,0.9957531683952106,0.7611951276418429,0.6086379457902574,0.26432675796323096,0.005,0.437692002619258,1,False,False,True,False,True
celda,True,O_manuscrito,robust,silhouette_max,20000,3,0.5594043072346643,0.9706292351651152,0.6818323253849253,0.9753278422749159,0.3304469217029395,0.005,0.7835497269636233,12,True,True,True,False,True
celda,True,O_manuscrito,robust,estabilidad_filas,20000,2,0.5386532945569398,1.0,0.6284628265971127,1.0,0.313641584916507,0.005,1.0,26,False,True,True,False,True
celda,True,O_manuscrito,robust,estabilidad_bloques,20000,6,0.3206667091896724,0.9751077093738065,0.7464698555499097,0.747740827400676,0.30646483724473955,0.005,0.4614756160553213,1,False,False,True,False,True
