K,silhouette,ari_fila,ari_unidad,ari_bloque_temporal,unidad,winsor,espacio,escalador
2,0.40927320405736534,0.9297817919771214,0.9037528686906876,0.7264132265340923,panel,False,E1_relativo,standard
3,0.41466655441883826,0.8888672585006281,0.8667634413772392,0.7518279813889336,panel,False,E1_relativo,standard
4,0.35858290603025494,0.8458183938025927,0.8289796201956339,0.6992302400196954,panel,False,E1_relativo,standard
5,0.33524622045693186,0.6928667346663919,0.7284296920981365,0.462675852486953,panel,False,E1_relativo,standard
6,0.32783019334532076,0.656135729304385,0.5282780787697131,0.4969205960843667,panel,False,E1_relativo,standard
2,0.40154331739132376,0.8433086494763996,0.8047436591903795,0.7051041588736681,panel,False,E1_relativo,robust
3,0.4231387655049552,0.8866466238643597,0.8685960072421979,0.780466721048716,panel,False,E1_relativo,robust
4,0.350150156606691,0.7865413070705503,0.74630204728441,0.7119550330671769,panel,False,E1_relativo,robust
5,0.3391022470135834,0.7465717211896589,0.6189795839847753,0.46326116598103945,panel,False,E1_relativo,robust
6,0.33054605879817145,0.5056721648435538,0.4899144967237019,0.4812822709734707,panel,False,E1_relativo,robust
2,0.2805155561716021,0.8416098125658706,0.825292242249217,0.5586064293344174,panel,False,E2_relativo_mas_nivel,standard
3,0.29359116587245604,0.7906179403341927,0.6983727972497188,0.6367279018096126,panel,False,E2_relativo_mas_nivel,standard
4,0.29607776744621617,0.7141081408523071,0.6522730166215948,0.6675103006662819,panel,False,E2_relativo_mas_nivel,standard
5,0.29123035727534186,0.7653984032806435,0.6780637856554721,0.5506480476411537,panel,False,E2_relativo_mas_nivel,standard
6,0.28599339707922367,0.7611087185330885,0.6448370006914559,0.5976672710087907,panel,False,E2_relativo_mas_nivel,standard
2,0.31690500634781504,0.8332581886046386,0.8426708165424797,0.7152823711651711,panel,False,E2_relativo_mas_nivel,robust
3,0.31691799495264894,0.8544298655863317,0.8241825024759708,0.7076047967362868,panel,False,E2_relativo_mas_nivel,robust
4,0.27617906192009856,0.8037138679118456,0.578838205370254,0.7336501197878852,panel,False,E2_relativo_mas_nivel,robust
5,0.2672920206167648,0.7055796753690018,0.666178253615119,0.5765230587408858,panel,False,E2_relativo_mas_nivel,robust
6,0.2602767688189822,0.6075067991037497,0.5467218959035537,0.5901854598279412,panel,False,E2_relativo_mas_nivel,robust
2,0.4763983747624757,0.9672914492792655,0.7969146568641939,0.8418731888199819,panel,False,E3_nivel,standard
3,0.426360056217212,0.9086750993570302,0.8076253412076371,0.7993376961910059,panel,False,E3_nivel,standard
4,0.39348711436252054,0.8042503093275923,0.7042795745883658,0.6346643281111174,panel,False,E3_nivel,standard
5,0.4212255583939153,0.8866400173282567,0.7804711848504056,0.7693290234784246,panel,False,E3_nivel,standard
6,0.39029916599868303,0.7494455231786706,0.6702309713555163,0.6099852838467428,panel,False,E3_nivel,standard
2,0.47672788130324756,0.9515261761685216,0.8013086176695825,0.8573177613427829,panel,False,E3_nivel,robust
3,0.4266250792034482,0.9178349907546848,0.8195197860160457,0.8124824749199127,panel,False,E3_nivel,robust
4,0.39451072082868155,0.8155509543357466,0.7414744858879433,0.6186074692290344,panel,False,E3_nivel,robust
5,0.4236007684960101,0.9006310511766126,0.7708087035666116,0.7600078451371555,panel,False,E3_nivel,robust
6,0.36127227680424345,0.7456815328429498,0.6810355941593026,0.5820792223099807,panel,False,E3_nivel,robust
2,0.24529984877099326,0.6736699811421487,0.6044541017301887,0.24714984540310722,panel,False,E2_mas_ID,standard
3,0.29051128166424106,0.8496924001289777,0.5656516132793887,0.5928278295853464,panel,False,E2_mas_ID,standard
4,0.2982821569816569,0.7947033025846715,0.6153544972153554,0.6225132103182122,panel,False,E2_mas_ID,standard
5,0.3112096190295481,0.8060959378173663,0.6340377199786921,0.7626690253244536,panel,False,E2_mas_ID,standard
6,0.2983950790541118,0.7618509994680533,0.6294013691776634,0.5844454436518172,panel,False,E2_mas_ID,standard
2,0.8600122704328366,1.0,0.5418552973785736,1.0,panel,False,E2_mas_ID,robust
3,0.2739497259403868,0.86083473001969,0.5841846728308269,0.6103485045073185,panel,False,E2_mas_ID,robust
4,0.2877344729209449,0.797757572870729,0.5603173811241603,0.7639455567894609,panel,False,E2_mas_ID,robust
5,0.30314213508650756,0.8874382193422996,0.6639909507029562,0.8024633921075605,panel,False,E2_mas_ID,robust
6,0.2942378482618308,0.740114355070251,0.568858013281991,0.7619147797590355,panel,False,E2_mas_ID,robust
2,0.586874939346197,0.6983472499592673,0.5055642789585826,0.6589325941887195,celda,False,E1_relativo,standard
3,0.446336782106198,0.9725495778948179,0.7427042815969763,0.6871538118307605,celda,False,E1_relativo,standard
4,0.4530423315706799,0.9915262893968956,0.777500076611698,0.7559469952488522,celda,False,E1_relativo,standard
5,0.4772096230572062,0.9928862637745441,0.818697286904339,0.7916745182626346,celda,False,E1_relativo,standard
6,0.4831865549886078,0.967637291089472,0.7669803450696523,0.7388429381559628,celda,False,E1_relativo,standard
2,0.7203949723602192,0.9907182222247292,0.9624364226982832,0.9881322201523952,celda,False,E1_relativo,robust
3,0.5833850036935442,0.9965790061492387,0.9301716097118875,0.9703592157061462,celda,False,E1_relativo,robust
4,0.41988089846121057,0.9639415724780296,0.7100292618446096,0.6861285175481021,celda,False,E1_relativo,robust
5,0.44411124206329894,0.9630430125510795,0.7716469336911326,0.7368189395043463,celda,False,E1_relativo,robust
6,0.44374000356758536,0.5345276828409652,0.47904982207011193,0.6646575695827454,celda,False,E1_relativo,robust
2,0.4235486723299717,0.9226460105655795,0.7243302488264066,0.6369117312575966,celda,False,E2_relativo_mas_nivel,standard
3,0.420809708011851,0.23281083585562548,0.2564246404494495,0.30286176301318135,celda,False,E2_relativo_mas_nivel,standard
4,0.47899374976023845,0.9928529550699807,0.7857152319883896,0.7621939299827563,celda,False,E2_relativo_mas_nivel,standard
5,0.49053092533573833,0.9234726777597606,0.757902821567976,0.6852763690127722,celda,False,E2_relativo_mas_nivel,standard
6,0.46735782531446984,0.9587292271474401,0.6663760017618887,0.7711859272487819,celda,False,E2_relativo_mas_nivel,standard
2,0.6856093176389999,0.9900756468411762,0.9634862640975591,0.9879347659640499,celda,False,E2_relativo_mas_nivel,robust
3,0.4044878586992367,0.9665973265828006,0.636128135919557,0.6156375331514898,celda,False,E2_relativo_mas_nivel,robust
4,0.44384345998367225,0.9854147158833767,0.7722832694566345,0.7049914243815689,celda,False,E2_relativo_mas_nivel,robust
5,0.434311341075325,0.8006180005357878,0.5224594193567009,0.6031898312765546,celda,False,E2_relativo_mas_nivel,robust
6,0.45816387742872355,0.9825143012669783,0.767911083124156,0.8002778390614196,celda,False,E2_relativo_mas_nivel,robust
2,0.4179635213813438,0.9890830921060256,0.5869822958654269,0.8416126835984054,celda,False,E3_nivel,standard
3,0.44627732299475503,0.9582710030088475,0.7230658816920765,0.692558581401464,celda,False,E3_nivel,standard
4,0.42524017688296845,0.9629533572185659,0.5399329744223061,0.8470063976840662,celda,False,E3_nivel,standard
5,0.4579827553518739,0.9505398968671829,0.7057744940455168,0.8346167310325441,celda,False,E3_nivel,standard
6,0.45086519220503823,0.9309946788227205,0.6293241307500159,0.8635726015262442,celda,False,E3_nivel,standard
2,0.7491554660820764,0.9938390910542271,0.8446985695190457,0.9581143181770029,celda,False,E3_nivel,robust
3,0.5763889810829916,0.9961615810379938,0.8096633600758076,0.9903697689289925,celda,False,E3_nivel,robust
4,0.45334467501358877,0.8323261886384286,0.5605555813551422,0.8413169595850342,celda,False,E3_nivel,robust
5,0.39765308718846254,0.9216907529094114,0.6283908082370868,0.6789722998251287,celda,False,E3_nivel,robust
6,0.4024472306391299,0.846667258081544,0.6803800223136488,0.460661138413319,celda,False,E3_nivel,robust
2,0.3740777586416584,0.9624155694178318,0.6164119630143607,0.9050052320737674,celda,False,E2_mas_ID,standard
3,0.48995214727054115,0.9925388519238878,0.6577074278179048,0.9528794075176211,celda,False,E2_mas_ID,standard
4,0.5233510848595199,0.9885836442291875,0.6468318375354819,0.953292747557747,celda,False,E2_mas_ID,standard
5,0.5012512646970558,0.9939981479335831,0.7249123354041316,0.9089354163517678,celda,False,E2_mas_ID,standard
6,0.5201139179623326,0.9770212582560459,0.7202690367724929,0.807503861731852,celda,False,E2_mas_ID,standard
2,0.6259697565068825,1.0,0.4453023602740763,1.0,celda,False,E2_mas_ID,robust
3,0.6564556435044387,0.9944456498477582,0.5303863929962065,0.9858912022656527,celda,False,E2_mas_ID,robust
4,0.48836798410866666,0.9908015027931082,0.6965067063412425,0.9620085409960982,celda,False,E2_mas_ID,robust
5,0.5110079937717839,0.9895121839323799,0.692547735993233,0.9629066467009222,celda,False,E2_mas_ID,robust
6,0.5071831910442215,0.9081502508630133,0.6525822240505544,0.8962634832244261,celda,False,E2_mas_ID,robust
2,0.25791808384056497,0.9501454802504943,0.5982724302409518,1.0,celda,False,O_manuscrito,standard
3,0.21033583090103816,1.0,0.8240291099088571,0.5382618525280904,celda,False,O_manuscrito,standard
4,0.21717517101584635,0.9806676054854314,0.7379918856763931,0.5910324139627544,celda,False,O_manuscrito,standard
5,0.17636825589819963,0.45125246734416696,0.35899201588983565,0.5278639952473327,celda,False,O_manuscrito,standard
6,0.17862993427226398,0.5011128347858611,0.4306037119015909,0.4141193401948267,celda,False,O_manuscrito,standard
2,0.5365590474232556,1.0,0.6330858311406841,1.0,celda,False,O_manuscrito,robust
3,0.566235884430138,0.9028135478459047,0.6638662953002299,0.9393372134228782,celda,False,O_manuscrito,robust
4,0.4896829024573968,0.9692260933493649,0.6951518726002,0.921966225596092,celda,False,O_manuscrito,robust
5,0.38681163964852305,0.7384329359546841,0.5305643079501596,0.9103488560304347,celda,False,O_manuscrito,robust
6,0.31916122623386867,0.9689303681994638,0.7230265433458525,0.7196818912083959,celda,False,O_manuscrito,robust
2,0.40907542623601667,0.8939085415356718,0.8822192029191964,0.7093389904829943,panel,True,E1_relativo,standard
3,0.4091033495223461,0.8635269575051459,0.8384990371430208,0.7566214907794555,panel,True,E1_relativo,standard
4,0.3586652456805383,0.8698475525107547,0.7909268140004032,0.7630209845941279,panel,True,E1_relativo,standard
5,0.3309848480518802,0.6741368777114197,0.6707903898724445,0.46405707370842003,panel,True,E1_relativo,standard
6,0.3162148743830408,0.5703512251001849,0.5638345486707392,0.5149917294114041,panel,True,E1_relativo,standard
2,0.4101857598537011,0.9020797361128116,0.8899075984958772,0.7554616228034938,panel,True,E1_relativo,robust
3,0.4185222094877339,0.8841222332329846,0.8694613240611491,0.7762161765064503,panel,True,E1_relativo,robust
4,0.35150063262671,0.8600059498099402,0.7591952039350763,0.7445798212571599,panel,True,E1_relativo,robust
5,0.33787359349633167,0.766194798046836,0.6370012747427553,0.5758444400354368,panel,True,E1_relativo,robust
6,0.33117477078335295,0.5934195506293486,0.47519549647283715,0.5344873862906699,panel,True,E1_relativo,robust
2,0.2805755720504002,0.8294678587684782,0.7882670154302145,0.5661409930962152,panel,True,E2_relativo_mas_nivel,standard
3,0.28960465361398247,0.8165638054087945,0.6755420657657527,0.5340700031817693,panel,True,E2_relativo_mas_nivel,standard
4,0.295506623801741,0.8089074905023785,0.7061889688697696,0.6660119029295594,panel,True,E2_relativo_mas_nivel,standard
5,0.2839536551178358,0.7479835855174536,0.6249312421221884,0.5356212480619438,panel,True,E2_relativo_mas_nivel,standard
6,0.28491328220698375,0.6515558950811723,0.5777009780914131,0.5919608869615104,panel,True,E2_relativo_mas_nivel,standard
2,0.32177388670767054,0.874265822687933,0.8991969553318648,0.7367456693611592,panel,True,E2_relativo_mas_nivel,robust
3,0.3135579838967237,0.86384232456326,0.8240504160801863,0.7133453262429698,panel,True,E2_relativo_mas_nivel,robust
4,0.27861746229681245,0.8094586978671758,0.5894849709546242,0.7660080664035928,panel,True,E2_relativo_mas_nivel,robust
5,0.2685582373057289,0.7369051257567848,0.6241514886041584,0.6459243867998572,panel,True,E2_relativo_mas_nivel,robust
6,0.2564842392129051,0.524725122674211,0.5003413372052193,0.5059515841522895,panel,True,E2_relativo_mas_nivel,robust
2,0.48494159294563444,0.9800004096826219,0.8495510927585226,0.8957295166013803,panel,True,E3_nivel,standard
3,0.41734154233054915,0.8816653361741535,0.7090425799932407,0.7419471720133772,panel,True,E3_nivel,standard
4,0.38392173289807413,0.8709531058809581,0.6951943065858328,0.7529976645613966,panel,True,E3_nivel,standard
5,0.41707358371597836,0.8441762996264496,0.7458784046032247,0.7419039298548624,panel,True,E3_nivel,standard
6,0.38690003628560093,0.843797178443799,0.7195385525109577,0.7548024493822438,panel,True,E3_nivel,standard
2,0.48497725165091404,0.9727179424250968,0.8566018601766847,0.8820686376613267,panel,True,E3_nivel,robust
3,0.4174659803575503,0.8933744535670785,0.7388850922439332,0.7489276483014258,panel,True,E3_nivel,robust
4,0.38119296047682627,0.8512179342898571,0.6881588465933459,0.8184331639768165,panel,True,E3_nivel,robust
5,0.41724056703975765,0.8736611792816333,0.7519426756327203,0.7308153591370997,panel,True,E3_nivel,robust
6,0.3889603736421526,0.8337563335625188,0.7351831897083182,0.7260201267491588,panel,True,E3_nivel,robust
2,0.24494973099492612,0.6515323780142396,0.5417980926851803,0.3461415050183055,panel,True,E2_mas_ID,standard
3,0.29063981231679537,0.8413573815762492,0.5674666934345776,0.6149997141929944,panel,True,E2_mas_ID,standard
4,0.29479392055402714,0.8322961547915513,0.5565248856032214,0.5159045639908796,panel,True,E2_mas_ID,standard
5,0.3065771254137462,0.8407763812145136,0.6704224814737667,0.6879842477743228,panel,True,E2_mas_ID,standard
6,0.29925304424588095,0.641767005154971,0.6121317005700464,0.6631020752103103,panel,True,E2_mas_ID,standard
2,0.853650802495033,1.0,0.5410974433654285,1.0,panel,True,E2_mas_ID,robust
3,0.2782522930570358,0.8479812662530248,0.6016571464522419,0.6463045436641461,panel,True,E2_mas_ID,robust
4,0.2868665987680821,0.847318963666463,0.5504048961984311,0.7665467942657205,panel,True,E2_mas_ID,robust
5,0.304942172671748,0.8741537487658467,0.643817732754637,0.7923478578703229,panel,True,E2_mas_ID,robust
6,0.2969099239271599,0.7581087245311101,0.5739320355660796,0.7854207627370645,panel,True,E2_mas_ID,robust
2,0.5730807855217805,0.8390136611326001,0.45424227751332913,0.8344542458157868,celda,True,E1_relativo,standard
3,0.45765831793799905,0.9901009413241999,0.912330353179664,0.8609507402623183,celda,True,E1_relativo,standard
4,0.4250726502413989,0.9917815878898792,0.6131236854816045,0.9143163510646268,celda,True,E1_relativo,standard
5,0.4494920684684143,0.9855026788571317,0.66199446196386,0.8799730756139059,celda,True,E1_relativo,standard
6,0.43790004125798404,0.965430787653448,0.6316956206234497,0.7904603233640375,celda,True,E1_relativo,standard
2,0.7074326310384519,0.9966675179642138,0.9917395504215898,0.9666478857877978,celda,True,E1_relativo,robust
3,0.5074826220026806,0.8696129031725126,0.6171300482896152,0.9740818584819323,celda,True,E1_relativo,robust
4,0.4426013284727804,0.9913465086779821,0.9129707700053693,0.8959821668586425,celda,True,E1_relativo,robust
5,0.45964308551772304,0.9921069833207774,0.8846883801379715,0.8866107797434022,celda,True,E1_relativo,robust
6,0.43671993318300084,0.9388855695765381,0.6523081704845037,0.8902496300907851,celda,True,E1_relativo,robust
2,0.4349517033354188,0.9827675857042971,0.8570890601814452,0.9341973634476435,celda,True,E2_relativo_mas_nivel,standard
3,0.48879220778357724,0.9582971413368462,0.8996550612383964,0.9017993238226802,celda,True,E2_relativo_mas_nivel,standard
4,0.46233730757416197,0.9946108859291604,0.6223593726512158,0.9028033479870585,celda,True,E2_relativo_mas_nivel,standard
5,0.44600900819296313,0.8408525614672657,0.6254208477992741,0.751018239002741,celda,True,E2_relativo_mas_nivel,standard
6,0.463361735726597,0.9612387431080809,0.6782668090986459,0.8422039403255484,celda,True,E2_relativo_mas_nivel,standard
2,0.6443230015285016,0.9962310643019029,0.9434655045133832,0.9666541799328975,celda,True,E2_relativo_mas_nivel,robust
3,0.4201694884352357,0.9911596687778721,0.800074505696508,0.9595818635456455,celda,True,E2_relativo_mas_nivel,robust
4,0.4541575934477963,0.9924560278372855,0.8748955036374907,0.9239102254149361,celda,True,E2_relativo_mas_nivel,robust
5,0.4204108704880871,0.9587461934827941,0.6409160538419452,0.8561743530425063,celda,True,E2_relativo_mas_nivel,robust
6,0.4332699725958975,0.9513652804685744,0.6717249631400198,0.8421760425135476,celda,True,E2_relativo_mas_nivel,robust
2,0.4141628944435735,0.9761355182835402,0.5669965675402396,0.850424223538799,celda,True,E3_nivel,standard
3,0.4498334188596752,0.9807682171839238,0.8161786594950794,0.9302948618115998,celda,True,E3_nivel,standard
4,0.4179847278151973,0.7980293560194169,0.534810099698311,0.7203167413883262,celda,True,E3_nivel,standard
5,0.43632332817010483,0.8633504019862499,0.5573788464364638,0.8237732691858882,celda,True,E3_nivel,standard
6,0.43619469640669467,0.9701023719871236,0.586970073667322,0.8588734558627438,celda,True,E3_nivel,standard
2,0.746283888229267,0.9748422202396252,0.8901718235223999,0.8647756773678085,celda,True,E3_nivel,robust
3,0.5742147563923121,0.9864763476585754,0.7611013342819518,0.9947202532955991,celda,True,E3_nivel,robust
4,0.4723270107932207,0.8636368643357848,0.6198420504039134,0.8934990698140804,celda,True,E3_nivel,robust
5,0.39525235475132087,0.9481571944400852,0.6954097287770417,0.8809422140411179,celda,True,E3_nivel,robust
6,0.42466892535260586,0.550249255722889,0.4718070060052149,0.7364031329302401,celda,True,E3_nivel,robust
2,0.3612905638937973,0.846770313108483,0.5169785597069904,0.8215712012212506,celda,True,E2_mas_ID,standard
3,0.4852195006139509,0.9941622285811068,0.6834911145805845,0.9529805634546342,celda,True,E2_mas_ID,standard
4,0.5241262878399944,0.9916379535228648,0.6525108099869229,0.9543107848989261,celda,True,E2_mas_ID,standard
5,0.49656484987404803,0.9757319362637388,0.7546133620350954,0.8972984823079487,celda,True,E2_mas_ID,standard
6,0.49443904167823755,0.9157330172437552,0.7061154249346944,0.8050846020546372,celda,True,E2_mas_ID,standard
2,0.6361523830267211,1.0,0.45428094246785705,1.0,celda,True,E2_mas_ID,robust
3,0.6529627450774169,0.9677994783078325,0.5351628374920349,0.9946120859479854,celda,True,E2_mas_ID,robust
4,0.5055985485030563,0.9935980021568392,0.7129515423753777,0.979730575915222,celda,True,E2_mas_ID,robust
5,0.505295212589584,0.9887230228540769,0.6764107199178759,0.9755715563864544,celda,True,E2_mas_ID,robust
6,0.5172089641933691,0.9919580001619158,0.6868262512231144,0.9691673396015323,celda,True,E2_mas_ID,robust
2,0.2589825356980848,1.0,0.5978048749665271,1.0,celda,True,O_manuscrito,standard
3,0.20782042809228146,1.0,0.7945190862527813,0.5212485448137619,celda,True,O_manuscrito,standard
4,0.21484223222882465,0.9957531683952106,0.7611951276418429,0.6086379457902574,celda,True,O_manuscrito,standard
5,0.1888422246229045,0.7959328700552721,0.6479206773849151,0.5572471528201461,celda,True,O_manuscrito,standard
6,0.18011186552576106,0.5760367415237557,0.47350785147500085,0.4346210098009302,celda,True,O_manuscrito,standard
2,0.5386532945569398,1.0,0.6284628265971127,1.0,celda,True,O_manuscrito,robust
3,0.5594043072346643,0.9706292351651152,0.6818323253849253,0.9753278422749159,celda,True,O_manuscrito,robust
4,0.5148150393732784,0.9666601475433385,0.6598967695792264,0.8803717087668325,celda,True,O_manuscrito,robust
5,0.3992699509060397,0.8090876683969054,0.584596845088164,0.9117086580093524,celda,True,O_manuscrito,robust
6,0.3206667091896724,0.9751077093738065,0.7464698555499097,0.747740827400676,celda,True,O_manuscrito,robust
