nivel,afirmacion,proporcion_que_la_sostiene,decision
celda,afirma_estructura_por_silhouette,0.55,unidad
panel,afirma_estructura_por_silhouette,0.08333333333333333,unidad
celda,afirma_estructura_por_filas,0.9833333333333333,unidad
panel,afirma_estructura_por_filas,0.9583333333333334,unidad
celda,estructura_robusta_panel,0.4,unidad
panel,estructura_robusta_panel,0.1875,unidad
celda,fuga_identidad,0.75,unidad
panel,fuga_identidad,0.4583333333333333,unidad
False,afirma_estructura_por_silhouette,0.3333333333333333,winsor
True,afirma_estructura_por_silhouette,0.35185185185185186,winsor
False,afirma_estructura_por_filas,0.9444444444444444,winsor
True,afirma_estructura_por_filas,1.0,winsor
False,estructura_robusta_panel,0.2222222222222222,winsor
True,estructura_robusta_panel,0.3888888888888889,winsor
False,fuga_identidad,0.6296296296296297,winsor
True,fuga_identidad,0.6111111111111112,winsor
E1_relativo,afirma_estructura_por_silhouette,0.375,espacio
E2_mas_ID,afirma_estructura_por_silhouette,0.5,espacio
E2_relativo_mas_nivel,afirma_estructura_por_silhouette,0.25,espacio
E3_nivel,afirma_estructura_por_silhouette,0.25,espacio
O_manuscrito,afirma_estructura_por_silhouette,0.3333333333333333,espacio
E1_relativo,afirma_estructura_por_filas,0.9583333333333334,espacio
E2_mas_ID,afirma_estructura_por_filas,1.0,espacio
E2_relativo_mas_nivel,afirma_estructura_por_filas,0.9166666666666666,espacio
E3_nivel,afirma_estructura_por_filas,1.0,espacio
O_manuscrito,afirma_estructura_por_filas,1.0,espacio
E1_relativo,estructura_robusta_panel,0.2916666666666667,espacio
E2_mas_ID,estructura_robusta_panel,0.0,espacio
E2_relativo_mas_nivel,estructura_robusta_panel,0.375,espacio
E3_nivel,estructura_robusta_panel,0.7083333333333334,espacio
O_manuscrito,estructura_robusta_panel,0.0,espacio
E1_relativo,fuga_identidad,0.125,espacio
E2_mas_ID,fuga_identidad,0.9166666666666666,espacio
E2_relativo_mas_nivel,fuga_identidad,0.25,espacio
E3_nivel,fuga_identidad,1.0,espacio
O_manuscrito,fuga_identidad,1.0,espacio
robust,afirma_estructura_por_silhouette,0.5740740740740741,escalador
standard,afirma_estructura_por_silhouette,0.1111111111111111,escalador
robust,afirma_estructura_por_filas,1.0,escalador
standard,afirma_estructura_por_filas,0.9444444444444444,escalador
robust,estructura_robusta_panel,0.4444444444444444,escalador
standard,estructura_robusta_panel,0.16666666666666666,escalador
robust,fuga_identidad,0.5555555555555556,escalador
standard,fuga_identidad,0.6851851851851852,escalador
estabilidad_bloques,afirma_estructura_por_silhouette,0.2222222222222222,regla_k
estabilidad_filas,afirma_estructura_por_silhouette,0.3611111111111111,regla_k
silhouette_max,afirma_estructura_por_silhouette,0.4444444444444444,regla_k
estabilidad_bloques,afirma_estructura_por_filas,0.9722222222222222,regla_k
estabilidad_filas,afirma_estructura_por_filas,1.0,regla_k
silhouette_max,afirma_estructura_por_filas,0.9444444444444444,regla_k
estabilidad_bloques,estructura_robusta_panel,0.3333333333333333,regla_k
estabilidad_filas,estructura_robusta_panel,0.2777777777777778,regla_k
silhouette_max,estructura_robusta_panel,0.3055555555555556,regla_k
estabilidad_bloques,fuga_identidad,0.6666666666666666,regla_k
estabilidad_filas,fuga_identidad,0.5833333333333334,regla_k
silhouette_max,fuga_identidad,0.6111111111111112,regla_k
