nivel,afirmacion,proporcion_que_la_sostiene,decision
False,moran_significativo,0.7,winsor
True,moran_significativo,0.75,winsor
False,sur_andino_detectado,0.475,winsor
True,sur_andino_detectado,0.5125,winsor
False,lima_hotspot,0.0,winsor
True,lima_hotspot,0.0,winsor
2019_2024,moran_significativo,0.65,periodo
2019_2025,moran_significativo,0.8,periodo
2019_2024,sur_andino_detectado,0.4625,periodo
2019_2025,sur_andino_detectado,0.525,periodo
2019_2024,lima_hotspot,0.0,periodo
2019_2025,lima_hotspot,0.0,periodo
invdist_grados_manuscrito,moran_significativo,0.75,pesos
knn4_geodesico,moran_significativo,1.0,pesos
knn5_geodesico,moran_significativo,0.875,pesos
knn5_grados_manuscrito,moran_significativo,1.0,pesos
queen,moran_significativo,0.0,pesos
invdist_grados_manuscrito,sur_andino_detectado,0.75,pesos
knn4_geodesico,sur_andino_detectado,0.25,pesos
knn5_geodesico,sur_andino_detectado,0.5,pesos
knn5_grados_manuscrito,sur_andino_detectado,0.65625,pesos
queen,sur_andino_detectado,0.3125,pesos
invdist_grados_manuscrito,lima_hotspot,0.0,pesos
knn4_geodesico,lima_hotspot,0.0,pesos
knn5_geodesico,lima_hotspot,0.0,pesos
knn5_grados_manuscrito,lima_hotspot,0.0,pesos
queen,lima_hotspot,0.0,pesos
bilateral,moran_significativo,0.65,tipo_p
original,moran_significativo,0.8,tipo_p
bilateral,sur_andino_detectado,0.325,tipo_p
original,sur_andino_detectado,0.6625,tipo_p
bilateral,lima_hotspot,0.0,tipo_p
original,lima_hotspot,0.0,tipo_p
fdr_bh,moran_significativo,0.725,correccion_local
ninguna,moran_significativo,0.725,correccion_local
fdr_bh,sur_andino_detectado,0.1625,correccion_local
ninguna,sur_andino_detectado,0.825,correccion_local
fdr_bh,lima_hotspot,0.0,correccion_local
ninguna,lima_hotspot,0.0,correccion_local
