resultado,decision,eta2_parcial,F,p
moran_I,pesos,0.9982330655454679,10169.135099341871,2.933528215162405e-98
moran_I,periodo,0.9778893466144705,3184.348817223157,2.4107112279057885e-61
moran_I,winsor,0.6960238177280313,164.86066277252385,2.6924671255522365e-20
moran_I,variable,0.5815105883950735,100.047363692851,2.9241509928216085e-15
n_hotspots,pesos,0.8246098496205008,176.30904183535753,1.2550639917840244e-55
n_hotspots,correccion_local,0.6450639459692489,272.6113360323892,1.4725485627002215e-35
n_hotspots,tipo_p,0.486070974453821,141.86909581646458,1.925687713487554e-23
n_hotspots,periodo,0.09038831376079187,14.905533063427743,0.0001675717231279412
n_hotspots,winsor,0.010020040080160256,1.5182186234817716,0.2198172088411679
n_hotspots,variable,0.0011233430689732754,0.16869095816464402,0.6818639423437725
