DPTO_KEY,REPORTES,CUOTA_REPORTES_PCT,TASA_10K,TASA_IC95_INF,TASA_IC95_SUP,TASA_RESTO_10K,RAZON_VS_NACIONAL,RR_VS_RESTO,RR_IC95_INF,RR_IC95_SUP,p_bilateral,q_FDR,CLASE,ANIOS_SOBRE_RESTO,ANIOS_TOTAL,PUESTO_TASA,PUESTO_VOLUMEN
TACNA,2641,1.8549735204461488,9.83689233165636,7.162535621424239,12.316472067161602,6.0590383700389365,1.611941292420709,1.6235071856118888,1.256813504385353,1.9438734346047513,0.0002,0.000325,superior,7,7,1,19
APURIMAC,2880,2.0228412491044714,9.59841626131688,8.690458442456174,10.984287477117405,6.056966592764153,1.5728629522220108,1.5846903089714008,1.5129024836795952,1.759101636425383,0.0002,0.000325,superior,7,7,2,16
HUANUCO,4812,3.3798305870453875,9.125319537893208,8.238946025645282,9.910577355171514,6.032609957639248,1.4953380471926654,1.5126652646152903,1.4242019124371723,1.6495214806107104,0.0002,0.000325,superior,7,7,3,9
CUSCO,8604,6.0432382316996085,8.923463565012892,8.008382569509319,9.695270560597024,5.980902451337946,1.4622605297372366,1.4919928284429194,1.4006926551506016,1.5859297139357111,0.0002,0.000325,superior,7,7,4,2
JUNIN,8254,5.797406829898717,8.60130522253663,7.561724501610176,9.484003979714,5.99532397808592,1.4094694329734625,1.4346689610062913,1.3113322702721866,1.525113126971975,0.0002,0.000325,superior,7,7,5,3
AYACUCHO,3752,2.6353126273055474,8.012986505421683,6.502885895515445,9.608885425438729,6.063384345975936,1.313063454210261,1.3215369582730858,1.0952738978096315,1.5959957343856301,0.0068,0.009822222222222222,superior,5,7,6,12
LAMBAYEQUE,7149,5.02128197564162,7.6440974928771634,6.987001510565837,8.23653002227017,6.038135537877716,1.2526147462654535,1.2659698420025713,1.2145530714145965,1.3285792109907335,0.0002,0.000325,superior,7,7,7,5
AREQUIPA,7864,5.523480410749154,7.241573038363854,6.676378420327277,7.6463863181690614,6.046904957489238,1.1866543018930924,1.1975668692121564,1.148130692599759,1.2278058797986349,0.0002,0.000325,superior,7,7,8,4
LIMA METROPOLITANA,46848,32.904884318766065,6.704216269132837,5.99318270199888,7.2423277112911295,5.845232910772342,1.0985993007930233,1.1469545134424755,1.0567461615395304,1.1896693954948396,0.0004,0.000611764705882353,superior,6,7,9,1
MADRE DE DIOS,859,0.6033404975627572,6.617491285172273,4.157939167065845,7.928322794604215,6.099631466141668,1.0843879443994318,1.0849001815773927,0.7303697830131708,1.2526458014734985,0.943,0.943,no_distinguible,4,7,10,25
TUMBES,1183,0.8309101380870103,6.523516920061825,5.253981140438515,7.4026719550584215,6.099214733932703,1.0689886542127265,1.0695666909001476,0.9098958520684768,1.1586404869078297,0.63,0.68224,no_distinguible,5,7,11,23
CALLAO,5309,3.7289111776026522,6.484370639248532,5.964817064650786,6.909881791051643,6.088624790195313,1.0625738735726482,1.0649975754279521,1.034581471613508,1.0996526906909392,0.0002,0.000325,superior,6,7,12,8
HUANCAVELICA,1497,1.051456024274095,6.106749406254258,5.607092535427216,7.005349803344597,6.102467788210177,1.000694243519221,1.000701620752895,0.9132292500508593,1.1683162853385078,0.3534,0.4375428571428571,no_distinguible,6,7,13,21
PASCO,1137,0.798600868136036,6.046682301887394,5.276848637473312,7.316224451260386,6.102966411906482,0.9908512318666994,0.9907775815529181,0.840153578474941,1.2450974595035729,0.656,0.68224,no_distinguible,3,7,14,24
REGION LIMA,4005,2.8130136120359053,5.819898764277824,5.141553880917454,6.304403093665799,6.111102150471623,0.9536889110453476,0.9523484669338532,0.895464356975796,1.014318551647344,0.1336,0.17367999999999997,no_distinguible,2,7,15,11
UCAYALI,2477,1.7397839493165888,5.761843938933292,4.7002271273879925,6.764667146481938,6.108907946450968,0.9441756453673276,0.9431872258413542,0.8151746576721332,1.0745007779621487,0.4598,0.5434,no_distinguible,2,7,16,20
MOQUEGUA,767,0.5387219576608089,5.564406371426664,4.888410929196885,6.315534250801341,6.105710906956753,0.9118221584114075,0.91134455204662,0.7817690326446567,1.0946205487044756,0.5362,0.6061391304347826,no_distinguible,3,7,17,26
PUNO,4461,3.13329680981078,5.209599677123938,4.38603079827609,6.023128563206373,6.136534399706415,0.8536810766458462,0.8489481746200553,0.6871200357900853,1.0181150832604307,0.1082,0.14806315789473687,no_distinguible,3,7,18,10
AMAZONAS,1477,1.0374085155997583,4.925006193770485,4.316740209832508,5.452896966527444,6.117846013481067,0.8070456178134904,0.8050229088666039,0.7276426383635222,0.9081308481278995,0.0002,0.000325,inferior,0,7,19,22
ICA,3384,2.3768384676977536,4.745677142496527,3.918368795055357,5.387345295998096,6.145290559299037,0.7776595177187616,0.7722461772479385,0.6830580927870897,0.8309016060162054,0.0002,0.000325,inferior,0,7,20,14
ANCASH,3736,2.624074620366078,4.480119111689274,3.8162155622309535,5.097864212386004,6.1626521525046725,0.7341433399504457,0.7269790669376706,0.6595369709825504,0.7831793482507878,0.0002,0.000325,inferior,0,7,21,13
SAN MARTIN,2661,1.8690210291204854,4.120792970029401,3.671358962849764,4.539596708118474,6.1589251581686995,0.6752616702463071,0.6690766431158713,0.6193120489016142,0.7484995307541394,0.0002,0.000325,inferior,0,7,22,18
LORETO,2771,1.9462823268293368,3.7972652290411455,3.561893559809092,3.9610988250856156,6.1769451997003735,0.622246174360042,0.6147480844132048,0.5639708160262078,0.6787987527811078,0.0002,0.000325,inferior,0,7,23,17
PIURA,5543,3.8932670290923905,3.7729581748221244,3.4492458865182396,4.0854974961043,6.25906555528468,0.6182630521430124,0.6027989548114774,0.5843283594066265,0.6313878706652936,0.0002,0.000325,inferior,0,7,24,6
LA LIBERTAD,5415,3.803362973576636,3.7311759074767603,3.501438983035849,3.885138794453469,6.25980833109421,0.6114163204970625,0.5960527399765534,0.5495560245429918,0.643982928129558,0.0002,0.000325,inferior,0,7,25,7
CAJAMARCA,2888,2.028460252574206,2.8441864454819292,2.5568215853089793,3.1513141596433423,6.250777252374479,0.46606808535065336,0.4550132456570117,0.42721391970996986,0.5103880542443894,0.0002,0.000325,inferior,0,7,26,15
