DPTO_KEY,REPORTES,CUOTA_REPORTES_PCT,TASA_10K,TASA_IC95_INF,TASA_IC95_SUP,TASA_RESTO_10K,RAZON_VS_NACIONAL,RR_VS_RESTO,RR_IC95_INF,RR_IC95_SUP,p_bilateral,q_FDR,CLASE,ANIOS_SOBRE_RESTO,ANIOS_TOTAL,PUESTO_TASA,PUESTO_VOLUMEN
TACNA,2355,1.9394368633005838,10.465835214202427,7.537787474525474,13.142705693656659,6.067375617178826,1.7108764187879717,1.7249360966824026,1.3480181536643703,2.051435243946529,0.0002,0.0003058823529411765,superior,6,6,1,18
APURIMAC,2537,2.089321155920841,9.850174076686924,8.789003041658868,11.31568989125878,6.068163606765777,1.610232743383063,1.6232545321791167,1.5562777609247527,1.784275066961172,0.0002,0.0003058823529411765,superior,6,6,2,15
HUANUCO,4149,3.4168677477002642,9.15620566307679,8.058222146643716,9.992983091567913,6.046241976003728,1.4967879805018278,1.514363086925045,1.401331692436828,1.66202428628627,0.0002,0.0003058823529411765,superior,6,6,3,9
JUNIN,7256,5.975606743146088,8.834654736798273,7.742035856066546,9.788624748068147,5.999947610621146,1.444223241429422,1.4724553129695848,1.3891191290757792,1.5463734714029074,0.0002,0.0003058823529411765,superior,6,6,4,2
CUSCO,7214,5.941018060233721,8.759286099969756,7.883083324840194,9.606368610822363,6.0028715425303005,1.4319025407087458,1.4591826658142322,1.3721332894964993,1.5438446445326934,0.0002,0.0003058823529411765,superior,6,6,5,3
AYACUCHO,3454,2.844507399507523,8.606214364504325,7.488844365903032,10.005837965215997,6.065874217570906,1.4068795189211134,1.4187920909363505,1.3165164762129118,1.6442371533378728,0.0002,0.0003058823529411765,superior,5,6,6,11
LAMBAYEQUE,6231,5.131478172070462,7.808257956472,7.010684990320427,8.433308757735146,6.046406960743618,1.276435576915354,1.2913880933200863,1.2544788151592121,1.3408627448987933,0.0002,0.0003058823529411765,superior,6,6,7,5
AREQUIPA,6633,5.462541279945976,7.187608056579359,6.617287700921874,7.711735578247238,6.065047670609509,1.1749763759708878,1.1850868199123383,1.1413690306138449,1.2290712585011316,0.0002,0.0003058823529411765,superior,6,6,8,4
TUMBES,1030,0.8482462714223361,6.67398861534175,5.312862559814913,7.741005128334217,6.112873648081651,1.0910137134351727,1.0917923385241552,0.9363068100440516,1.191229074612238,0.3336,0.4130285714285714,no_distinguible,5,6,9,23
LIMA METROPOLITANA,39490,32.52159733831849,6.6429723332902855,5.906997810013016,7.279637553154811,5.892480592621437,1.0859434037585676,1.1273643126815918,1.0351284484070176,1.1682147347549243,0.0042,0.006066666666666666,superior,5,6,10,1
CALLAO,4565,3.7594604165465673,6.559880717945534,5.873728334975113,6.959613065378157,6.101154284334229,1.0723602083056694,1.0751868273171135,1.0296677368942342,1.097077459546791,0.0002,0.0003058823529411765,superior,6,6,11,7
HUANCAVELICA,1296,1.0673079298673276,6.101850047035095,5.465250124305801,7.027226906870969,6.117402642733116,0.9974847819394208,0.9974576472064502,0.8862409662416582,1.1767996449137867,0.4816,0.5691636363636363,no_distinguible,5,6,12,21
PASCO,982,0.8087163480939165,6.0729145537211755,5.119435021814198,7.539074704122534,6.117600248044068,0.9927546240338576,0.9926955517668583,0.8102918044127468,1.2863434543703884,0.6684,0.703664,no_distinguible,3,6,13,24
MADRE DE DIOS,655,0.5394187454190583,6.070054452095338,3.7938870303611036,7.652472780175444,6.117494117597106,0.9922870760238964,0.9922452454240525,0.6728730529933712,1.1874977870428096,0.6766,0.703664,no_distinguible,3,6,14,25
UCAYALI,2126,1.750846187421249,5.828561872267861,4.512386647554452,6.969345655625916,6.122640097744846,0.9528096763053888,0.951968722514769,0.7873820055520746,1.096031287256725,0.5746,0.6495478260869565,no_distinguible,2,6,15,20
REGION LIMA,3387,2.789330214861604,5.788060599815336,4.983067218888842,6.254092232643968,6.127234966896618,0.9461888313798065,0.9446447918329023,0.8786901727760579,0.9957041913979217,0.0378,0.05172631578947369,no_distinguible,2,6,16,12
MOQUEGUA,643,0.5295362645869535,5.70679245869121,5.118394900677928,6.534879901221657,6.119579297162893,0.9329037238463611,0.9325465332783488,0.8016242451729926,1.1500455238244038,0.8346,0.8346,no_distinguible,2,6,17,26
AMAZONAS,1292,1.0640137695899594,5.029722859156081,4.398462478157059,5.634366146193069,6.131493941293147,0.8222214526262953,0.8203095211891052,0.7525713355259188,0.9329540378238593,0.0002,0.0003058823529411765,inferior,0,6,18,22
PUNO,3633,2.991921071919754,5.0028187617821605,4.2427960416658195,5.861341316032251,6.1595541828181615,0.8178233721268667,0.8122046845106632,0.6450339523527394,1.004710675633818,0.0628,0.08163999999999999,no_distinguible,2,6,19,10
ICA,2811,2.3149711349205697,4.6484830665237435,3.8137555859093704,5.498342448180828,6.163386531071124,0.759899224369428,0.7542092392047156,0.6656996703724517,0.8346475428152098,0.0002,0.0003058823529411765,inferior,0,6,20,14
ANCASH,3195,2.631210521547926,4.478914406473749,3.721645724310364,5.224789196153255,6.178306768383088,0.7321794088069472,0.7249420552236381,0.646825924138991,0.7899429426424246,0.0002,0.0003058823529411765,inferior,0,6,21,13
SAN MARTIN,2286,1.8826125985159807,4.214778033213594,3.7404557021598404,4.68341518825188,6.170678924950723,0.6890003711949532,0.6830331126403975,0.6312823205129905,0.7760129203094205,0.0002,0.0003058823529411765,inferior,0,6,22,19
PIURA,4780,3.9365215314551127,3.8731354483880494,3.534383115614928,4.189099686701513,6.266009547428292,0.6331511981410339,0.6181183445495497,0.6007548282891468,0.6442614659878013,0.0002,0.0003058823529411765,inferior,0,6,23,6
LORETO,2393,1.9707313859355826,3.8387118611223667,3.5183276653894473,3.9910952893845684,6.191113114667303,0.6275238877068867,0.6200358142428563,0.555898085958876,0.6870010040988614,0.0002,0.0003058823529411765,inferior,0,6,24,17
LA LIBERTAD,4546,3.7438131552290677,3.67891385126441,3.449227671001312,3.7662952380298376,6.2791018239648935,0.6014013049182506,0.5858981036465158,0.5352567903989187,0.6360555340490507,0.0002,0.0003058823529411765,inferior,0,6,25,8
CAJAMARCA,2488,2.0489676925230795,2.8564189117434293,2.5446247529069126,3.2298357569847664,6.266888260513985,0.46694598742105814,0.4557954112156385,0.42930306722611267,0.5221035442429831,0.0002,0.0003058823529411765,inferior,0,6,26,16
