DPTO_KEY,ANO,REPORTES,TASA_10K,TASA_RESTO_10K,RR_VS_RESTO
AMAZONAS,2019,260,6.134057466681451,8.222335276309856,0.746023758524523
ANCASH,2019,812,6.943007485109301,8.242071104343218,0.8423862639877777
APURIMAC,2019,540,12.570212785768655,8.135496856283897,1.5451069563206041
AREQUIPA,2019,1437,9.811298081846845,8.117583460555764,1.2086476387364573
AYACUCHO,2019,760,11.437274076214383,8.126315310440754,1.4074366597022987
CAJAMARCA,2019,490,3.3842326528723508,8.421787742725254,0.4018425489048514
CALLAO,2019,969,8.765169441851377,8.174463854185253,1.0722623034614909
CUSCO,2019,1592,11.876546580755667,8.03450547130044,1.4781926060264872
HUANCAVELICA,2019,156,4.201907019339547,8.241462411689621,0.5098496855824517
HUANUCO,2019,844,11.107440800893862,8.124240215234511,1.3671974863649743
ICA,2019,709,7.462372381854542,8.217104482494316,0.9081510887140779
JUNIN,2019,1750,12.962761320009097,7.985672116898986,1.6232523863054404
LA LIBERTAD,2019,788,3.979996979646962,8.471552276720969,0.46980728556484513
LAMBAYEQUE,2019,1338,10.355195591689528,8.104270866114158,1.2777454952779292
LIMA METROPOLITANA,2019,8963,9.457659221428779,7.66649341133134,1.2336356028754991
LORETO,2019,436,4.294669487752311,8.322034819946454,0.5160600238608404
MADRE DE DIOS,2019,197,11.748989109820243,8.17614316929134,1.4369842683220255
MOQUEGUA,2019,92,4.847692867041484,8.214674403323137,0.590125990274236
PASCO,2019,108,3.968297710512682,8.23089236614944,0.48212241564873276
PIURA,2019,1011,5.021065131310041,8.406965389964494,0.5972506009485602
PUNO,2019,386,3.115360340655775,8.398511762351218,0.3709419512420388
REGION LIMA,2019,721,7.67704043170309,8.210376453935524,0.9350412218946688
SAN MARTIN,2019,444,5.021017027354365,8.284604304454712,0.6060660042211691
TACNA,2019,726,19.988711609146357,8.059948007748,2.4800050310413018
TUMBES,2019,293,11.876821551769567,8.166298940673773,1.454370166712223
UCAYALI,2019,509,8.859739360044838,8.182681874459686,1.0827427359358095
AMAZONAS,2020,216,5.060847317048026,5.678176205657274,0.8912804276848274
ANCASH,2020,537,4.548388244322138,5.712250778760003,0.7962514988372914
APURIMAC,2020,427,9.913264737565468,5.6132668684618245,1.7660419448900975
AREQUIPA,2020,952,6.357525319913078,5.63698933509531,1.1278228398148256
AYACUCHO,2020,466,6.973824214733926,5.642804964269283,1.2358790103313457
CAJAMARCA,2020,424,2.9166732589902673,5.798630086353463,0.5029935028713741
CALLAO,2020,650,5.7529556916203335,5.667116902982112,1.0151468180571768
CUSCO,2020,1011,7.449846176519353,5.592771394727594,1.3320491131717733
HUANCAVELICA,2020,265,7.253973945915466,5.652138841923625,1.2834033538083929
HUANUCO,2020,582,7.655205342333679,5.622682889365608,1.3614862322775232
ICA,2020,489,5.014448584982086,5.690313841007386,0.8812253111322857
JUNIN,2020,975,7.161392821126037,5.605084376541837,1.277660127847066
LA LIBERTAD,2020,682,3.3816432306890567,5.8210317429646405,0.580935370224728
LAMBAYEQUE,2020,997,7.606129151615255,5.588970952407129,1.3609176387541164
LIMA METROPOLITANA,2020,5796,5.990849380681992,5.534692369493939,1.0824177715282415
LORETO,2020,328,3.1920308225610405,5.7507594315057675,0.5550624853255678
MADRE DE DIOS,2020,120,6.904050951896025,5.663476946303159,1.2190481249160292
MOQUEGUA,2020,76,4.731762996783232,5.6747392980675855,0.8338291414364243
PASCO,2020,155,5.7005413675414855,5.66983632841456,1.0054155071413695
PIURA,2020,784,3.8282109852076758,5.793581788229052,0.6607675743847332
PUNO,2020,583,4.709219812325879,5.708029840662368,0.8250166771691954
REGION LIMA,2020,562,5.892745736409724,5.66338112882015,1.0404995889155984
SAN MARTIN,2020,410,4.557337981077044,5.701678320928146,0.799297632128636
TACNA,2020,430,11.591108810860062,5.601925225899733,2.069129512345177
TUMBES,2020,155,6.1625073055530155,5.666263043249929,1.0875787549069487
UCAYALI,2020,409,6.94267624043048,5.646668057572851,1.2295173312196965
AMAZONAS,2021,254,5.927488611754164,6.09903605359276,0.9718730238137315
ANCASH,2021,492,4.140051548690624,6.169828768019054,0.6710156317709073
APURIMAC,2021,459,10.659322029962217,6.0365539380141415,1.7657958728467582
AREQUIPA,2021,1031,6.753264787586568,6.065004085388021,1.1134806658839231
AYACUCHO,2021,668,9.970461760741752,6.016624273045304,1.6571521351947778
CAJAMARCA,2021,492,3.3808740109053796,6.221964309819687,0.5433772748534711
CALLAO,2021,753,6.539410150415118,6.080826440391843,1.0754147013598572
CUSCO,2021,1068,7.796007393067685,6.023298889398805,1.294308573461115
HUANCAVELICA,2021,252,7.032113317483173,6.086553738127563,1.1553522107974517
HUANUCO,2021,811,10.693339802957743,5.988805364383332,1.7855547396068763
ICA,2021,398,3.9874006155424473,6.162531260573659,0.6470394139909429
JUNIN,2021,1281,9.357174527740263,5.955858248173666,1.571087513812068
LA LIBERTAD,2021,777,3.793034095324755,6.249110105292535,0.6069718778218255
LAMBAYEQUE,2021,1090,8.220756731970145,6.007999144228309,1.3683019146012296
LIMA METROPOLITANA,2021,5952,6.044606392232193,6.118979016719013,0.9878455826889404
LORETO,2021,417,4.021001779076326,6.164087291151462,0.6523271960876459
MADRE DE DIOS,2021,128,7.12345843907217,6.091196098712622,1.1694679211818049
MOQUEGUA,2021,116,5.943079642390553,6.09772455453039,0.9746389147694543
PASCO,2021,236,8.713567319691924,6.075179870189841,1.4342896022631897
PIURA,2021,766,3.6879423063312733,6.258425657897818,0.5892763624470438
PUNO,2021,809,6.559759080887749,6.07885780362365,1.0791104666040108
REGION LIMA,2021,554,5.725180978757926,6.108024944391777,0.9373211522350826
SAN MARTIN,2021,429,4.700473553536093,6.13648384332167,0.7659880924564991
TACNA,2021,402,10.639367778065965,6.044254143203168,1.7602449410619265
TUMBES,2021,162,6.335252158678513,6.09495078523247,1.0394263025106407
UCAYALI,2021,344,5.710491367861886,6.103986248039954,0.9355347695443412
AMAZONAS,2022,217,5.052586481886361,5.655618771558349,0.8933746573045925
ANCASH,2022,413,3.4585096084598663,5.729050830831926,0.6036793372206212
APURIMAC,2022,335,7.795773992367123,5.619866036856639,1.3871814632662554
AREQUIPA,2022,1064,6.8468732826510275,5.58934944720775,1.2249857246036913
AYACUCHO,2022,661,9.857153295883109,5.5616127289642865,1.7723552099462274
CAJAMARCA,2022,370,2.544324540285253,5.7891558266873515,0.43949836840739465
CALLAO,2022,735,6.273215163598623,5.6251270362652654,1.1152130650837084
CUSCO,2022,1135,8.221099034183837,5.5369010545443,1.4847834471299672
HUANCAVELICA,2022,228,6.498596246205591,5.63883159560142,1.1524721276079306
HUANUCO,2022,665,8.805462829691757,5.574807641257744,1.5795097151917405
ICA,2022,395,3.872359198078526,5.703802320734376,0.6789083808184908
JUNIN,2022,1122,8.164625631539613,5.539858768576835,1.4737967108206746
LA LIBERTAD,2022,692,3.3311751297930776,5.80152469944063,0.5741895971095774
LAMBAYEQUE,2022,954,7.124751865953097,5.586176726817366,1.2754254321653566
LIMA METROPOLITANA,2022,6217,6.21442660594248,5.405565539500449,1.1496348643877106
LORETO,2022,385,3.684619536714124,5.711271707979034,0.6451487033205688
MADRE DE DIOS,2022,47,2.5339932498733004,5.665254091840048,0.4472867781028814
MOQUEGUA,2022,134,6.790414367300608,5.6410724290747645,1.2037452900448498
PASCO,2022,200,7.426772027805834,5.633402824646496,1.318345635663268
PIURA,2022,720,3.423519292244445,5.79735172039496,0.5905315836195649
PUNO,2022,659,5.373656687756299,5.658316688863611,0.9496917516710289
REGION LIMA,2022,507,5.163642659632433,5.662531101116578,0.9118965648796578
SAN MARTIN,2022,345,3.7322151833004464,5.702396201268564,0.6544994510325628
TACNA,2022,316,8.22441192852049,5.61787610235597,1.4639717535015444
TUMBES,2022,148,5.702045030744811,5.647439359737179,1.0096691026727862
UCAYALI,2022,198,3.219386560524467,5.693424930038655,0.5654569262060348
AMAZONAS,2023,180,4.186601479731035,5.479077720016807,0.7641069708568019
ANCASH,2023,464,3.871354231415205,5.521788136151012,0.7011051738963948
APURIMAC,2023,403,9.409050899930193,5.410974636153984,1.7388828321357581
AREQUIPA,2023,1075,6.803474518614622,5.395597193320689,1.2609307690790503
AYACUCHO,2023,540,8.055168957168876,5.409130315960432,1.4891800505158692
CAJAMARCA,2023,363,2.5009714517209165,5.5973359874572886,0.4468146020401818
CALLAO,2023,691,5.802529264565104,5.449778996322561,1.0647274446322639
CUSCO,2023,1142,8.21738213777139,5.342424025729993,1.5381373882333425
HUANCAVELICA,2023,190,5.538938739337543,5.461595729187071,1.0141612477351898
HUANUCO,2023,538,7.162856461948325,5.423157444448105,1.32079080043697
ICA,2023,388,3.726068651854584,5.518433857065032,0.6752040068549967
JUNIN,2023,1119,8.12141920893458,5.347636992870628,1.5186930638264915
LA LIBERTAD,2023,785,3.7305382335022292,5.579196201834595,0.6686515581358341
LAMBAYEQUE,2023,921,6.818873397731336,5.405054246791639,1.2615735358768914
LIMA METROPOLITANA,2023,5894,5.806206099432314,5.3116497931132285,1.0931078526600715
LORETO,2023,415,3.9465175548708586,5.511815861591382,0.7160104136228188
MADRE DE DIOS,2023,65,3.707490413998343,5.4716794643261935,0.6775781436339856
MOQUEGUA,2023,120,6.568905538226013,5.456289451445456,1.2039144177891457
PASCO,2023,135,5.048144339534449,5.465745600432224,0.9235966524192506
PIURA,2023,729,3.73877741722025,5.569579244993616,0.6712854333800822
PUNO,2023,488,4.370977456101571,5.500248989256629,0.7946871977321737
REGION LIMA,2023,461,4.625184480649974,5.488221106771035,0.8427474751233512
SAN MARTIN,2023,348,4.059439684561316,5.499459048297512,0.7381525435338977
TACNA,2023,253,7.071863974233817,5.444915509906886,1.2988014159938275
TUMBES,2023,152,5.775865999908802,5.459895596445397,1.0578711438491817
UCAYALI,2023,333,5.309031890860334,5.465336105495871,0.9714008047046988
AMAZONAS,2024,165,3.836111995870949,5.729233707329855,0.6695680769599454
ANCASH,2024,477,3.9678215495133387,5.768922831284877,0.6877924467971449
APURIMAC,2024,373,8.743020819171827,5.666754661476193,1.5428620685855252
AREQUIPA,2024,1074,6.689217342885917,5.656603876904209,1.1825500757084735
AYACUCHO,2024,359,5.360313078118725,5.712235890378774,0.9383914076705413
CAJAMARCA,2024,349,2.4107087967385663,5.851660363753519,0.4119700472828244
CALLAO,2024,767,6.340865763789109,5.681893815142982,1.1159775191310126
CUSCO,2024,1266,9.055560801009415,5.5618155170241215,1.6281663376448416
HUANCAVELICA,2024,205,6.116810187920344,5.7012195981315195,1.0728950328321027
HUANUCO,2024,709,9.497541221874082,5.620277912244727,1.6898703890037325
ICA,2024,432,4.066471752141016,5.758107740479161,0.7062166835736603
JUNIN,2024,1009,7.308623088729871,5.637534028524066,1.296421990847531
LA LIBERTAD,2024,822,3.8588922350356434,5.82857532545125,0.6620644016017563
LAMBAYEQUE,2024,931,6.8377750717195225,5.65812494531688,1.2084878184563628
LIMA METROPOLITANA,2024,6668,6.4785616738085015,5.370156525828781,1.206400901472543
LORETO,2024,412,3.8956421758107096,5.763341865048113,0.6759345995829086
MADRE DE DIOS,2024,98,4.972196290132728,5.709581242905686,0.8708513074073201
MOQUEGUA,2024,105,5.2205301075429205,5.70819303462732,0.9145678984354392
PASCO,2024,148,5.576656417676494,5.706322479170901,0.9772767729185108
PIURA,2024,770,3.5814319960483316,5.848507230464017,0.6123668578869454
PUNO,2024,708,5.857038621709759,5.69972483719369,1.027600241943175
REGION LIMA,2024,582,5.747665628070729,5.704012902369391,1.0076529850911111
SAN MARTIN,2024,310,3.2786087699611746,5.774646636046232,0.5677592027009227
TACNA,2024,228,5.754959866727245,5.7047268233360064,1.0088055125068833
TUMBES,2024,120,4.500230636820137,5.714826486615877,0.7874658394895587
UCAYALI,2024,333,5.208993256465487,5.714811304637497,0.9114899825718576
AMAZONAS,2025,185,4.299815688981548,6.120873904661478,0.7024839517943565
ANCASH,2025,541,4.487247011750616,6.156658074519217,0.728844603263278
APURIMAC,2025,343,8.07237365440827,6.073336690116396,1.3291497024271781
AREQUIPA,2025,1231,7.546887567928119,6.025836645668947,1.2524215327596746
AYACUCHO,2025,298,4.454276404292847,6.130715439557659,0.7265508321512033
CAJAMARCA,2025,400,2.770391989688601,6.244073152323994,0.44368346143694415
CALLAO,2025,744,6.056604833398594,6.099602035913894,0.9929508183874723
CUSCO,2025,1390,9.885041940312835,5.936423355468519,1.6651511100883538
HUANCAVELICA,2025,201,6.138529196188613,6.097674959418394,1.0066999695854755
HUANUCO,2025,663,8.936670948540682,6.035403634875694,1.4807080833666137
ICA,2025,573,5.288095049124834,6.124446811310706,0.8634404399363407
JUNIN,2025,998,7.2156384140923295,6.051177571167312,1.1924354109972657
LA LIBERTAD,2025,869,4.030718808428609,6.2365075110653905,0.6463102627996412
LAMBAYEQUE,2025,918,6.689494505942937,6.0734533988369135,1.1014317665175464
LIMA METROPOLITANA,2025,7358,7.0532076230239795,5.681468741406877,1.2414408921446296
LORETO,2025,378,3.5543185440458114,6.179335807170595,0.5751942692483756
MADRE DE DIOS,2025,204,10.045846485677284,6.0745874292675754,1.6537495924868977
MOQUEGUA,2025,124,6.109999704354855,6.097993463494535,1.0019688838520728
PASCO,2025,155,5.885614040417081,6.099705781313578,0.9649013003951163
PIURA,2025,763,3.5117433987968942,6.272699455464798,0.559845633244464
PUNO,2025,828,6.902093635069304,6.068968629474307,1.137276208934229
REGION LIMA,2025,618,6.000803991214355,6.101070509935931,0.9835657498863051
SAN MARTIN,2025,375,3.923460094225817,6.160304158280169,0.6368938924796802
TACNA,2025,286,7.112853124557,6.086045029545788,1.168715165600384
TUMBES,2025,153,5.6638557160520335,6.101506127767781,0.9282717410175149
UCAYALI,2025,351,5.388261878738012,6.11178525259098,0.8816183252599977
