CLUSTER,VARIABLE,count,mean,std,min,10%,25%,50%,75%,90%,max
0,ANOMALIA,163.0,-1.3869410573707286,0.6681183304728945,-3.747999527505987,-2.2853011410941697,-1.8040488319489176,-1.3059086179416337,-0.9656145332600694,-0.6043622366366733,0.19520899326009689
0,CAMBIO_12M,163.0,-1.812032017396272,0.8928179059826541,-4.696695758935296,-3.036553303169736,-2.1381965555250138,-1.659911672153116,-1.1841662696273905,-0.8137783062533682,-0.40195789142048943
0,NIVEL_PREV12,163.0,0.5194450807704464,0.9861942404805618,-1.367726464803685,-0.6626814561133846,-0.15316125898133626,0.4124125159211496,1.1943108925885932,1.8129502864935279,3.996796464130564
1,ANOMALIA,500.0,-0.317764905426345,0.6328053977649223,-2.093582336259147,-1.1793987313860201,-0.7940977754469739,-0.275592170488491,0.1027619970926988,0.47725936720397844,1.3865740624250185
1,CAMBIO_12M,500.0,0.07032052432259439,0.49195237464384334,-1.2659120464257079,-0.5430451639821039,-0.23948517604370886,0.07944523592109314,0.3629569410102784,0.6353580577307973,2.1248738200419695
1,NIVEL_PREV12,500.0,-0.9022057344358585,0.4195727932002706,-1.8627134981552207,-1.386771056175595,-1.171288615239082,-1.0015823861349118,-0.5953583730142811,-0.25811208778696554,-0.0456971657000547
2,ANOMALIA,439.0,-0.027122223523556588,0.5362648018396042,-1.4233275774365117,-0.7407066323533967,-0.39383660410302906,-0.041695548456329654,0.35424768787476135,0.6511103081690051,1.493650203740048
2,CAMBIO_12M,439.0,-0.12113044923704111,0.49419934302355456,-2.154136481485967,-0.763429614071114,-0.4392697575836262,-0.13417646071275405,0.208243977511622,0.4862043700804022,1.1340235049432001
2,NIVEL_PREV12,439.0,0.6899862789590631,0.6807805999678649,-0.2822392648550727,-0.007330995291905784,0.17725654228302673,0.593945860860972,1.0202980259126226,1.5637945463654537,3.9039506049868575
3,ANOMALIA,294.0,1.3498656503110293,0.5778592257769279,0.034503099400785484,0.6123758938673902,0.9264193251182113,1.3305823500583145,1.7236732606729002,2.1029266839602743,3.5635198219092517
3,CAMBIO_12M,294.0,1.0659089247937286,0.741219412751768,-0.1608544064234986,0.4038545940394376,0.6103996193754343,0.9251216843762813,1.3709002860336597,1.8412820432835457,6.814138483210611
3,NIVEL_PREV12,294.0,0.2160861992833953,0.9668656223903919,-1.5447249684105038,-1.0314458050018136,-0.4832764825723802,0.1293151607140099,0.8297352985605879,1.4655231480030186,3.886117900605786
