periodo,pesos,variable,I,E_I,z_perm,p_sim_plegado,p_bilateral,p_normal_bilateral
2019_2025,queen,TASA_10K_EXPOSICION_OBSERVADA,0.12220392134425269,-0.04,1.169023423605748,0.122,0.244,0.23716822467618248
2019_2025,queen,TASA_10K_EXPOSICION_TOTAL,0.11556281664915075,-0.04,1.120796119503673,0.1298,0.2596,0.25692207250879184
2019_2025,queen,REPORTES,-0.00835458588440377,-0.04,0.5515310226028235,0.2686,0.5372,0.8176081117875995
2019_2025,queen,TASA_EB_EXPOSICION_OBSERVADA,0.12234397681738184,-0.04,1.169979770867577,0.122,0.244,
2019_2025,knn4_geodesico,TASA_10K_EXPOSICION_OBSERVADA,0.28810907065029995,-0.04,2.7902170739708887,0.0091,0.0182,0.004623275752075122
2019_2025,knn4_geodesico,TASA_10K_EXPOSICION_TOTAL,0.2817042436421713,-0.04,2.733297385871631,0.01,0.02,0.005488204207404574
2019_2025,knn4_geodesico,REPORTES,-0.003977422703848041,-0.04,0.7503891900593148,0.2257,0.4514,0.7558463421561197
2019_2025,knn4_geodesico,TASA_EB_EXPOSICION_OBSERVADA,0.2881718460857171,-0.04,2.790579050794951,0.0091,0.0182,
2019_2024,queen,TASA_10K_EXPOSICION_OBSERVADA,0.09376096755543922,-0.04,0.9701570833074367,0.1625,0.325,0.32965423022827034
2019_2024,queen,TASA_10K_EXPOSICION_TOTAL,0.0871544974964055,-0.04,0.921718102710729,0.1749,0.3498,0.3541007206794444
2019_2024,queen,REPORTES,-0.007587434206459531,-0.04,0.5576109290231913,0.2669,0.5338,0.8132672039129443
2019_2024,queen,TASA_EB_EXPOSICION_OBSERVADA,0.09396450837784893,-0.04,0.9715124814697618,0.162,0.324,
2019_2024,knn4_geodesico,TASA_10K_EXPOSICION_OBSERVADA,0.24529819653123436,-0.04,2.4388691290780615,0.0161,0.0322,0.01379189439677077
2019_2024,knn4_geodesico,TASA_10K_EXPOSICION_TOTAL,0.23903984377397158,-0.04,2.382094050888976,0.0169,0.0338,0.016013071198728128
2019_2024,knn4_geodesico,REPORTES,-0.0026107765954999397,-0.04,0.7694534260675269,0.2199,0.4398,0.7468948209439518
2019_2024,knn4_geodesico,TASA_EB_EXPOSICION_OBSERVADA,0.24547010726096172,-0.04,2.440030459779862,0.0161,0.0322,
train_2019_2023,queen,PROP_MESES_ESTADO_ALTO_E2_relativo_mas_nivel,-0.10395414001814937,-0.04,-0.4866030521619329,0.3315,0.663,0.6411589860934107
train_2019_2023,knn4_geodesico,PROP_MESES_ESTADO_ALTO_E2_relativo_mas_nivel,0.013818041011702848,-0.04,0.45136791806579796,0.2945,0.589,0.6422560160933637
