DPTO_KEY,REGLA_UBIGEO,ANO,POBLACION
AMAZONAS,010000,2019,423863
ANCASH,020000,2019,1169522
APURIMAC,030000,2019,429587
AREQUIPA,040000,2019,1464638
AYACUCHO,050000,2019,664494
CAJAMARCA,060000,2019,1447891
CALLAO,070000,2019,1105512
CUSCO,080000,2019,1340457
HUANCAVELICA,090000,2019,371260
HUANUCO,100000,2019,759851
ICA,110000,2019,950100
JUNIN,120000,2019,1350021
LA LIBERTAD,130000,2019,1979901
LAMBAYEQUE,140000,2019,1292105
LIMA METROPOLITANA,150100,2019,9476975
REGION LIMA,150000-150100,2019,939164
LORETO,160000,2019,1015212
MADRE DE DIOS,170000,2019,167674
MOQUEGUA,180000,2019,189781
PASCO,190000,2019,272157
PIURA,200000,2019,2013517
PUNO,210000,2019,1239022
SAN MARTIN,220000,2019,884283
TACNA,230000,2019,363205
TUMBES,240000,2019,246699
UCAYALI,250000,2019,574509
AMAZONAS,010000,2020,426806
ANCASH,020000,2020,1180638
APURIMAC,030000,2020,430736
AREQUIPA,040000,2020,1497438
AYACUCHO,050000,2020,668213
CAJAMARCA,060000,2020,1453711
CALLAO,070000,2020,1129854
CUSCO,080000,2020,1357075
HUANCAVELICA,090000,2020,365317
HUANUCO,100000,2020,760267
ICA,110000,2020,975182
JUNIN,120000,2020,1361467
LA LIBERTAD,130000,2020,2016771
LAMBAYEQUE,140000,2020,1310785
LIMA METROPOLITANA,150100,2020,9674755
REGION LIMA,150000-150100,2020,953715
LORETO,160000,2020,1027559
MADRE DE DIOS,170000,2020,173811
MOQUEGUA,180000,2020,192740
PASCO,190000,2020,271904
PIURA,200000,2020,2047954
PUNO,210000,2020,1237997
SAN MARTIN,220000,2020,899648
TACNA,230000,2020,370974
TUMBES,240000,2020,251521
UCAYALI,250000,2020,589110
AMAZONAS,010000,2021,428512
ANCASH,020000,2021,1188391
APURIMAC,030000,2021,430609
AREQUIPA,040000,2021,1526669
AYACUCHO,050000,2021,669979
CAJAMARCA,060000,2021,1455245
CALLAO,070000,2021,1151480
CUSCO,080000,2021,1369932
HUANCAVELICA,090000,2021,358356
HUANUCO,100000,2021,758416
ICA,110000,2021,998144
JUNIN,120000,2021,1369003
LA LIBERTAD,130000,2021,2048492
LAMBAYEQUE,140000,2021,1325912
LIMA METROPOLITANA,150100,2021,9846795
REGION LIMA,150000-150100,2021,967655
LORETO,160000,2021,1037055
MADRE DE DIOS,170000,2021,179688
MOQUEGUA,180000,2021,195185
PASCO,190000,2021,270842
PIURA,200000,2021,2077039
PUNO,210000,2021,1233277
SAN MARTIN,220000,2021,912674
TACNA,230000,2021,377842
TUMBES,240000,2021,255712
UCAYALI,250000,2021,602400
AMAZONAS,010000,2022,429483
ANCASH,020000,2022,1194156
APURIMAC,030000,2022,429720
AREQUIPA,040000,2022,1553994
AYACUCHO,050000,2022,670579
CAJAMARCA,060000,2022,1454217
CALLAO,070000,2022,1171648
CUSCO,080000,2022,1380594
HUANCAVELICA,090000,2022,350845
HUANUCO,100000,2022,755213
ICA,110000,2022,1020050
JUNIN,120000,2022,1374221
LA LIBERTAD,130000,2022,2077345
LAMBAYEQUE,140000,2022,1338994
LIMA METROPOLITANA,150100,2022,10004141
REGION LIMA,150000-150100,2022,981865
LORETO,160000,2022,1044884
MADRE DE DIOS,170000,2022,185478
MOQUEGUA,180000,2022,197337
PASCO,190000,2022,269296
PIURA,200000,2022,2103099
PUNO,210000,2022,1226353
SAN MARTIN,220000,2022,924384
TACNA,230000,2022,384222
TUMBES,240000,2022,259556
UCAYALI,250000,2022,615024
AMAZONAS,010000,2023,429943
ANCASH,020000,2023,1198547
APURIMAC,030000,2023,428311
AREQUIPA,040000,2023,1580075
AYACUCHO,050000,2023,670377
CAJAMARCA,060000,2023,1451436
CALLAO,070000,2023,1190860
CUSCO,080000,2023,1389737
HUANCAVELICA,090000,2023,343026
HUANUCO,100000,2023,751097
ICA,110000,2023,1041312
JUNIN,120000,2023,1377838
LA LIBERTAD,130000,2023,2104254
LAMBAYEQUE,140000,2023,1350663
LIMA METROPOLITANA,150100,2023,10151207
REGION LIMA,150000-150100,2023,996717
LORETO,160000,2023,1051560
MADRE DE DIOS,170000,2023,191259
MOQUEGUA,180000,2023,199286
PASCO,190000,2023,267425
PIURA,200000,2023,2127093
PUNO,210000,2023,1217951
SAN MARTIN,220000,2023,935194
TACNA,230000,2023,390279
TUMBES,240000,2023,263164
UCAYALI,250000,2023,627233
AMAZONAS,010000,2024,430123
ANCASH,020000,2024,1202171
APURIMAC,030000,2024,426626
AREQUIPA,040000,2024,1605569
AYACUCHO,050000,2024,669737
CAJAMARCA,060000,2024,1447707
CALLAO,070000,2024,1209614
CUSCO,080000,2024,1398036
HUANCAVELICA,090000,2024,335142
HUANUCO,100000,2024,746509
ICA,110000,2024,1062346
JUNIN,120000,2024,1380561
LA LIBERTAD,130000,2024,2130145
LAMBAYEQUE,140000,2024,1361554
LIMA METROPOLITANA,150100,2024,10292408
REGION LIMA,150000-150100,2024,1012585
LORETO,160000,2024,1057592
MADRE DE DIOS,170000,2024,197096
MOQUEGUA,180000,2024,201129
PASCO,190000,2024,265392
PIURA,200000,2024,2149978
PUNO,210000,2024,1208802
SAN MARTIN,220000,2024,945523
TACNA,230000,2024,396180
TUMBES,240000,2024,266653
UCAYALI,250000,2024,639279
AMAZONAS,010000,2025,430251
ANCASH,020000,2025,1205639
APURIMAC,030000,2025,424906
AREQUIPA,040000,2025,1631136
AYACUCHO,050000,2025,669020
CAJAMARCA,060000,2025,1443839
CALLAO,070000,2025,1228411
CUSCO,080000,2025,1406165
HUANCAVELICA,090000,2025,327440
HUANUCO,100000,2025,741887
ICA,110000,2025,1083566
JUNIN,120000,2025,1383107
LA LIBERTAD,130000,2025,2155943
LAMBAYEQUE,140000,2025,1372301
LIMA METROPOLITANA,150100,2025,10432133
REGION LIMA,150000-150100,2025,1029862
LORETO,160000,2025,1063495
MADRE DE DIOS,170000,2025,203069
MOQUEGUA,180000,2025,202946
PASCO,190000,2025,263354
PIURA,200000,2025,2172710
PUNO,210000,2025,1199636
SAN MARTIN,220000,2025,955789
TACNA,230000,2025,402089
TUMBES,240000,2025,270134
UCAYALI,250000,2025,651416
