role,check,scope,value,reference,metric
blind,daily,days 1-7,0.2161,0.9,cov90 of daily anomaly (nominal 0.90)
blind,daily,days 1-7,0.1985,1.1403,path SD vs RMSE of the median (degC)
blind,daily,days 8-14,0.213,0.9,cov90 of daily anomaly (nominal 0.90)
blind,daily,days 8-14,0.2305,1.2917,path SD vs RMSE of the median (degC)
blind,daily,days 15-28,0.2178,0.9,cov90 of daily anomaly (nominal 0.90)
blind,daily,days 15-28,0.2381,1.3195,path SD vs RMSE of the median (degC)
blind,persistence,days 1-28,0.8618,0.7568,lag-1 autocorrelation (path deviations vs real errors)
blind,aggregation,W1,0.764,0.7398,SD(window mean)/daily SD; independent days: 0.378
blind,aggregation,W2,0.8374,0.7865,SD(window mean)/daily SD; independent days: 0.378
blind,aggregation,W3_4,0.797,0.6688,SD(window mean)/daily SD; independent days: 0.267
dev,daily,days 1-7,0.2124,0.9,cov90 of daily anomaly (nominal 0.90)
dev,daily,days 1-7,0.1813,1.122,path SD vs RMSE of the median (degC)
dev,daily,days 8-14,0.2033,0.9,cov90 of daily anomaly (nominal 0.90)
dev,daily,days 8-14,0.1988,1.2193,path SD vs RMSE of the median (degC)
dev,daily,days 15-28,0.2021,0.9,cov90 of daily anomaly (nominal 0.90)
dev,daily,days 15-28,0.1931,1.2231,path SD vs RMSE of the median (degC)
dev,persistence,days 1-28,0.8185,0.7346,lag-1 autocorrelation (path deviations vs real errors)
dev,aggregation,W1,0.7465,0.7305,SD(window mean)/daily SD; independent days: 0.378
dev,aggregation,W2,0.7963,0.7376,SD(window mean)/daily SD; independent days: 0.378
dev,aggregation,W3_4,0.7087,0.5778,SD(window mean)/daily SD; independent days: 0.267
