variant,check,scope,paths,observed,metric
bfloat16/anomaly,daily,days 1-7,0.216,0.9,cov90 of daily anomaly (nominal 0.90)
bfloat16/anomaly,daily,days 1-7,0.1805,1.0878,path SD vs RMSE of the median (degC)
bfloat16/anomaly,daily,days 8-14,0.2205,0.9,cov90 of daily anomaly (nominal 0.90)
bfloat16/anomaly,daily,days 8-14,0.2027,1.1817,path SD vs RMSE of the median (degC)
bfloat16/anomaly,daily,days 15-28,0.2205,0.9,cov90 of daily anomaly (nominal 0.90)
bfloat16/anomaly,daily,days 15-28,0.1999,1.1898,path SD vs RMSE of the median (degC)
bfloat16/anomaly,persistence,days 1-28,0.8254,0.7178,lag-1 autocorrelation (path deviations vs real errors)
bfloat16/anomaly,aggregation,W1,0.7497,0.7103,SD(window mean)/daily SD; independent days: 0.378
bfloat16/anomaly,aggregation,W2,0.8109,0.7234,SD(window mean)/daily SD; independent days: 0.378
bfloat16/anomaly,aggregation,W3_4,0.7283,0.5718,SD(window mean)/daily SD; independent days: 0.267
bfloat16/anomaly,crps,daily,0.8138,,CRPS (degC; lower is better)
bfloat16/anomaly,crps,W1,0.5329,,CRPS (degC; lower is better)
bfloat16/anomaly,crps,W2,0.5953,,CRPS (degC; lower is better)
bfloat16/anomaly,crps,W3_4,0.4744,,CRPS (degC; lower is better)
bfloat16/anomaly,window,W1,0.2372,0.9,cov90 of window mean (nominal 0.90)
bfloat16/anomaly,window,W1,0.7784,,RMSE of window-mean median (degC)
bfloat16/anomaly,window,W2,0.2332,0.9,cov90 of window mean (nominal 0.90)
bfloat16/anomaly,window,W2,0.8577,,RMSE of window-mean median (degC)
bfloat16/anomaly,window,W3_4,0.2897,0.9,cov90 of window mean (nominal 0.90)
bfloat16/anomaly,window,W3_4,0.6948,,RMSE of window-mean median (degC)
float32/anomaly,daily,days 1-7,0.1964,0.9,cov90 of daily anomaly (nominal 0.90)
float32/anomaly,daily,days 1-7,0.1663,1.0898,path SD vs RMSE of the median (degC)
float32/anomaly,daily,days 8-14,0.2121,0.9,cov90 of daily anomaly (nominal 0.90)
float32/anomaly,daily,days 8-14,0.1892,1.1844,path SD vs RMSE of the median (degC)
float32/anomaly,daily,days 15-28,0.2087,0.9,cov90 of daily anomaly (nominal 0.90)
float32/anomaly,daily,days 15-28,0.1894,1.1913,path SD vs RMSE of the median (degC)
float32/anomaly,persistence,days 1-28,0.8328,0.7184,lag-1 autocorrelation (path deviations vs real errors)
float32/anomaly,aggregation,W1,0.7511,0.7104,SD(window mean)/daily SD; independent days: 0.378
float32/anomaly,aggregation,W2,0.8197,0.7235,SD(window mean)/daily SD; independent days: 0.378
float32/anomaly,aggregation,W3_4,0.7441,0.5721,SD(window mean)/daily SD; independent days: 0.267
float32/anomaly,crps,daily,0.8207,,CRPS (degC; lower is better)
float32/anomaly,crps,W1,0.5394,,CRPS (degC; lower is better)
float32/anomaly,crps,W2,0.6014,,CRPS (degC; lower is better)
float32/anomaly,crps,W3_4,0.4773,,CRPS (degC; lower is better)
float32/anomaly,window,W1,0.2253,0.9,cov90 of window mean (nominal 0.90)
float32/anomaly,window,W1,0.7804,,RMSE of window-mean median (degC)
float32/anomaly,window,W2,0.2095,0.9,cov90 of window mean (nominal 0.90)
float32/anomaly,window,W2,0.8607,,RMSE of window-mean median (degC)
float32/anomaly,window,W3_4,0.2778,0.9,cov90 of window mean (nominal 0.90)
float32/anomaly,window,W3_4,0.695,,RMSE of window-mean median (degC)
bfloat16/absolute,daily,days 1-7,0.7783,0.9,cov90 of daily anomaly (nominal 0.90)
bfloat16/absolute,daily,days 1-7,0.8628,1.1218,path SD vs RMSE of the median (degC)
bfloat16/absolute,daily,days 8-14,0.7727,0.9,cov90 of daily anomaly (nominal 0.90)
bfloat16/absolute,daily,days 8-14,0.956,1.2286,path SD vs RMSE of the median (degC)
bfloat16/absolute,daily,days 15-28,0.7545,0.9,cov90 of daily anomaly (nominal 0.90)
bfloat16/absolute,daily,days 15-28,0.9717,1.2811,path SD vs RMSE of the median (degC)
bfloat16/absolute,persistence,days 1-28,0.7737,0.7441,lag-1 autocorrelation (path deviations vs real errors)
bfloat16/absolute,aggregation,W1,0.7344,0.723,SD(window mean)/daily SD; independent days: 0.378
bfloat16/absolute,aggregation,W2,0.7684,0.7372,SD(window mean)/daily SD; independent days: 0.378
bfloat16/absolute,aggregation,W3_4,0.678,0.6338,SD(window mean)/daily SD; independent days: 0.267
bfloat16/absolute,crps,daily,0.7028,,CRPS (degC; lower is better)
bfloat16/absolute,crps,W1,0.4608,,CRPS (degC; lower is better)
bfloat16/absolute,crps,W2,0.5193,,CRPS (degC; lower is better)
bfloat16/absolute,crps,W3_4,0.4745,,CRPS (degC; lower is better)
bfloat16/absolute,window,W1,0.7905,0.9,cov90 of window mean (nominal 0.90)
bfloat16/absolute,window,W1,0.817,,RMSE of window-mean median (degC)
bfloat16/absolute,window,W2,0.7826,0.9,cov90 of window mean (nominal 0.90)
bfloat16/absolute,window,W2,0.906,,RMSE of window-mean median (degC)
bfloat16/absolute,window,W3_4,0.7976,0.9,cov90 of window mean (nominal 0.90)
bfloat16/absolute,window,W3_4,0.8245,,RMSE of window-mean median (degC)
float32/absolute,daily,days 1-7,0.7738,0.9,cov90 of daily anomaly (nominal 0.90)
float32/absolute,daily,days 1-7,0.8605,1.1179,path SD vs RMSE of the median (degC)
float32/absolute,daily,days 8-14,0.7677,0.9,cov90 of daily anomaly (nominal 0.90)
float32/absolute,daily,days 8-14,0.9499,1.2367,path SD vs RMSE of the median (degC)
float32/absolute,daily,days 15-28,0.7545,0.9,cov90 of daily anomaly (nominal 0.90)
float32/absolute,daily,days 15-28,0.9666,1.2717,path SD vs RMSE of the median (degC)
float32/absolute,persistence,days 1-28,0.7737,0.743,lag-1 autocorrelation (path deviations vs real errors)
float32/absolute,aggregation,W1,0.7336,0.7193,SD(window mean)/daily SD; independent days: 0.378
float32/absolute,aggregation,W2,0.7701,0.7435,SD(window mean)/daily SD; independent days: 0.378
float32/absolute,aggregation,W3_4,0.6745,0.6309,SD(window mean)/daily SD; independent days: 0.267
float32/absolute,crps,daily,0.7006,,CRPS (degC; lower is better)
float32/absolute,crps,W1,0.4562,,CRPS (degC; lower is better)
float32/absolute,crps,W2,0.5261,,CRPS (degC; lower is better)
float32/absolute,crps,W3_4,0.466,,CRPS (degC; lower is better)
float32/absolute,window,W1,0.7905,0.9,cov90 of window mean (nominal 0.90)
float32/absolute,window,W1,0.8115,,RMSE of window-mean median (degC)
float32/absolute,window,W2,0.7905,0.9,cov90 of window mean (nominal 0.90)
float32/absolute,window,W2,0.9296,,RMSE of window-mean median (degC)
float32/absolute,window,W3_4,0.7698,0.9,cov90 of window mean (nominal 0.90)
float32/absolute,window,W3_4,0.8087,,RMSE of window-mean median (degC)
