model,horizon,metric,value,ci_low,ci_high,n_dates
CFS_BC,W1,MSSS_clim,0.6411461984781139,0.526931170208507,0.727459633372922,102
CFS_BC,W1,CRPSS_clim,0.41455642334691956,0.3207155376958154,0.5009184915678857,102
CFS_BC,W1,MSSS_damp,0.5307003989094778,0.39935247147745395,0.6303404739120381,102
CFS_BC,W1,CRPSS_damp,0.3241861721998327,0.22888004488399802,0.407670411231383,102
Chronos,W1,MSSS_clim,0.487867527769124,0.3625842775410482,0.5824771630654336,102
Chronos,W1,CRPSS_clim,0.12601599768859573,0.005311158087079419,0.2301424173347748,102
Chronos,W1,MSSS_damp,0.3302465686467173,0.2364313973256583,0.4067162459555975,102
Chronos,W1,CRPSS_damp,-0.008893935458079927,-0.08519054404880348,0.0629462816828085,102
Chronos@abs,W1,MSSS_clim,0.4931526848058254,0.3582788880709867,0.6134880946030766,102
Chronos@abs,W1,CRPSS_clim,0.2706567023974048,0.15201911845417176,0.3892531956068349,102
Chronos@abs,W1,MSSS_damp,0.33715835856925913,0.2362461394808799,0.4503605330498533,102
Chronos@abs,W1,CRPSS_damp,0.158073800124231,0.07981234460024571,0.2505934968318082,102
ChronosBolt,W1,MSSS_clim,0.3469178203336868,0.18947535070799007,0.5057909592544508,102
ChronosBolt,W1,CRPSS_clim,0.21254788073689146,0.09960776047357017,0.33863369297916485,102
ChronosBolt,W1,MSSS_damp,0.14591623358339434,0.02774265972785791,0.29358648322976094,102
ChronosBolt,W1,CRPSS_damp,0.09099518356504788,0.019590426060271733,0.1867600065891113,102
Clim,W1,MSSS_damp,-0.3077738039843507,-0.4742958888885966,-0.1580653108688153,102
Clim,W1,CRPSS_damp,-0.15436201668438176,-0.25177328705869223,-0.06550596157423276,102
Damp,W1,MSSS_clim,0.23534177167845582,0.13649084327887365,0.3217101074794505,102
Damp,W1,CRPSS_clim,0.13372063048968663,0.061478737736806455,0.2011332959223763,102
Ensemble,W1,MSSS_clim,0.5000523751684636,0.39340533555833757,0.5937379093206666,102
Ensemble,W1,CRPSS_clim,0.29481313319387137,0.2014930561050962,0.38713787315428955,102
Ensemble,W1,MSSS_damp,0.3461815928811206,0.27643236280260003,0.4230501313739683,102
Ensemble,W1,CRPSS_damp,0.185959066294337,0.1352336391491456,0.24827957829379357,102
GBM_L,W1,MSSS_clim,0.33410609487718945,0.23988335525559024,0.41753094386833556,102
GBM_L,W1,CRPSS_clim,0.2215291431833727,0.13689777381844098,0.30073322610567815,102
GBM_L,W1,MSSS_damp,0.12916139464754772,0.026296238704421247,0.21320618178884995,102
GBM_L,W1,CRPSS_damp,0.10136281179513962,0.04651801003998235,0.1473130470639121,102
GBM_LG,W1,MSSS_clim,0.4024002723887067,0.2633901220009268,0.5380230007280883,102
GBM_LG,W1,CRPSS_clim,0.24107705553962588,0.14150402044290056,0.3509723732766724,102
GBM_LG,W1,MSSS_damp,0.21847473096176717,0.09889764623752731,0.3488142329994586,102
GBM_LG,W1,CRPSS_damp,0.12392817932467359,0.05335817413197478,0.20800589191397703,102
GBM_LG@EC,W1,MSSS_clim,0.4474555184012726,0.2866623318725488,0.5850180681950236,102
GBM_LG@EC,W1,CRPSS_clim,0.25654847224549104,0.14921723396769648,0.36515426566588394,102
GBM_LG@EC,W1,MSSS_damp,0.2773968014290712,0.13419969071136822,0.40949302128591836,102
GBM_LG@EC,W1,CRPSS_damp,0.14178779511422046,0.07061444394212589,0.21718045397477276,102
LSTM_LG,W1,MSSS_clim,0.45362612699036275,0.35225184971605666,0.5541769840478346,102
LSTM_LG,W1,CRPSS_clim,0.27287697821176304,0.18150136202692346,0.37183170113173636,102
LSTM_LG,W1,MSSS_damp,0.2854665616965242,0.21628692233340296,0.3697945320324537,102
LSTM_LG,W1,CRPSS_damp,0.16063680219088916,0.11044795128210015,0.23003851250042773,102
Pers,W1,MSSS_clim,0.11493325004141519,-0.1841350074917202,0.3748951523419233,102
Pers,W1,MSSS_damp,-0.15746711037340466,-0.4044966067246343,0.11698498511151752,102
Ridge_L,W1,MSSS_clim,0.40263740850932683,0.309515444659772,0.46986433957052054,102
Ridge_L,W1,CRPSS_clim,0.23488463598820275,0.16548846566881578,0.293160958015147,102
Ridge_L,W1,MSSS_damp,0.21878485136829262,0.16607363265430786,0.2630450077884122,102
Ridge_L,W1,CRPSS_damp,0.11677988540313688,0.08657413753737152,0.14336088867009109,102
Ridge_LG,W1,MSSS_clim,0.48951146840731186,0.39045254523640127,0.5785466073401727,102
Ridge_LG,W1,CRPSS_clim,0.2972480214969415,0.20956697954357806,0.38729664986021284,102
Ridge_LG,W1,MSSS_damp,0.3323964711486448,0.2620422206522409,0.4072175518662048,102
Ridge_LG,W1,CRPSS_damp,0.18876980886627026,0.13659199950626144,0.25156572975264513,102
Ridge_LG@EC,W1,MSSS_clim,0.5025984829336663,0.40108703702018716,0.5926992517623249,102
Ridge_LG@EC,W1,CRPSS_clim,0.30820852639864393,0.218028784470789,0.40042759437340825,102
Ridge_LG@EC,W1,MSSS_damp,0.3495113259185737,0.2770720261933669,0.4269113373403413,102
Ridge_LG@EC,W1,CRPSS_damp,0.2014221994084784,0.14692076357447267,0.2672568097997543,102
CFS_BC,W2,MSSS_clim,0.49099419159482416,0.38251900342506845,0.5927601908032912,100
CFS_BC,W2,CRPSS_clim,0.29754938670182063,0.206276613431478,0.3934721511571925,100
CFS_BC,W2,MSSS_damp,0.35759768039741546,0.2522733469278966,0.47049209701969813,100
CFS_BC,W2,CRPSS_damp,0.20915027460484292,0.1338035051748491,0.297379467686165,100
Chronos,W2,MSSS_clim,0.39750121262974747,0.21642345413052794,0.5024517564490925,100
Chronos,W2,CRPSS_clim,0.08702906237030628,-0.06750594598507327,0.184926996746024,100
Chronos,W2,MSSS_damp,0.23960274681914828,0.0719450963645325,0.349338442603959,100
Chronos,W2,CRPSS_damp,-0.02786274458232252,-0.15844178063301959,0.05848872109605457,100
Chronos@abs,W2,MSSS_clim,0.44299161859231373,0.28030720995231273,0.5921023138424492,100
Chronos@abs,W2,CRPSS_clim,0.256482726015271,0.11875489883961213,0.3971961417545717,100
Chronos@abs,W2,MSSS_damp,0.29701494492662794,0.15661001424034637,0.4439471181238682,100
Chronos@abs,W2,CRPSS_damp,0.16291562591635556,0.05775110616991878,0.28306372744498903,100
ChronosBolt,W2,MSSS_clim,0.3557096903151721,0.1435952284289474,0.5511375415573105,100
ChronosBolt,W2,CRPSS_clim,0.22171797147503314,0.08110623073744762,0.36902469864117937,100
ChronosBolt,W2,MSSS_damp,0.18685880867289462,-0.014025677973217819,0.39303904325519406,100
ChronosBolt,W2,CRPSS_damp,0.12377593970768752,0.011048709971200409,0.254558385388809,100
Clim,W2,MSSS_damp,-0.26207266988832334,-0.42830603963090663,-0.11334246324899516,100
Clim,W2,CRPSS_damp,-0.12584388200890317,-0.21959650927754826,-0.042307995831543335,100
Damp,W2,MSSS_clim,0.20765259888839305,0.10180377285769258,0.2998699352118856,100
Damp,W2,CRPSS_clim,0.11177738229953615,0.04059068526359991,0.18005668891489987,100
Ensemble,W2,MSSS_clim,0.5064118235154769,0.3921369672934172,0.5938683913594356,100
Ensemble,W2,CRPSS_clim,0.2980046814594094,0.1981350558639877,0.38212648795413917,100
Ensemble,W2,MSSS_damp,0.37705585227886895,0.30233053663070625,0.4398649277018178,100
Ensemble,W2,CRPSS_damp,0.20966286542218493,0.14902258461778436,0.2614430185497201,100
GBM_L,W2,MSSS_clim,0.23517047004728586,0.13539953565476548,0.3184371690639377,100
GBM_L,W2,CRPSS_clim,0.15490960170215928,0.07940925264228993,0.21896835188904615,100
GBM_L,W2,MSSS_damp,0.03472955312314674,-0.04812641047175983,0.11230895424809201,100
GBM_L,W2,CRPSS_damp,0.04856014533190889,0.006945489394324181,0.08495208868058483,100
GBM_LG,W2,MSSS_clim,0.408560613700617,0.2623605975440679,0.5501439669678081,100
GBM_LG,W2,CRPSS_clim,0.23685740091696472,0.1362929714322386,0.34652395823853094,100
GBM_LG,W2,MSSS_damp,0.25356051465602636,0.14951726238040786,0.3771696771434331,100
GBM_LG,W2,CRPSS_damp,0.14082057372199153,0.07979153675697427,0.21917631877010932,100
GBM_LG@EC,W2,MSSS_clim,0.43392185996076915,0.23529496140453365,0.5814036749803733,100
GBM_LG@EC,W2,CRPSS_clim,0.243885528549717,0.12517448167320935,0.3492845582021282,100
GBM_LG@EC,W2,MSSS_damp,0.2855682504352718,0.11908474206847684,0.42240084139277145,100
GBM_LG@EC,W2,CRPSS_damp,0.1487331482193034,0.06507409010058843,0.22098811985861377,100
LSTM_LG,W2,MSSS_clim,0.4976871934844286,0.3878953251689548,0.5922188918060454,100
LSTM_LG,W2,CRPSS_clim,0.30867149694044427,0.2020749944228915,0.4080822657063876,100
LSTM_LG,W2,MSSS_damp,0.36604473516179614,0.29234114736561034,0.44261584051202607,100
LSTM_LG,W2,CRPSS_damp,0.22167203437202587,0.15369116993615,0.29343431457491964,100
Pers,W2,MSSS_clim,0.013583995890332323,-0.4129168153591453,0.3471531038783066,100
Pers,W2,MSSS_damp,-0.24492867992725964,-0.6626317213454423,0.1333629448207514,100
Ridge_L,W2,MSSS_clim,0.3790487827216018,0.27392688130369564,0.4437012365223347,100
Ridge_L,W2,CRPSS_clim,0.21662925521683218,0.1388047841389347,0.26732749943988193,100
Ridge_L,W2,MSSS_damp,0.2163144393390477,0.14836804475562348,0.2594479678885576,100
Ridge_L,W2,CRPSS_damp,0.11804683964111273,0.07111973256020122,0.14879498786349088,100
Ridge_LG,W2,MSSS_clim,0.5212196657302286,0.4116831129956206,0.6093214208670347,100
Ridge_LG,W2,CRPSS_clim,0.3235250878103898,0.2254854117572925,0.41087075538912154,100
Ridge_LG,W2,MSSS_damp,0.3957444252381257,0.31804387547123963,0.46862289455882383,100
Ridge_LG,W2,CRPSS_damp,0.2383948587788175,0.17398816090408423,0.3007524248470061,100
Ridge_LG@EC,W2,MSSS_clim,0.5484928487855377,0.42929038322971547,0.6385970767775849,100
Ridge_LG@EC,W2,CRPSS_clim,0.3438603038182093,0.24006462399755826,0.4352352379161848,100
Ridge_LG@EC,W2,MSSS_damp,0.4301651641930927,0.33468422113179813,0.5105631497647709,100
Ridge_LG@EC,W2,CRPSS_damp,0.2612891373105505,0.18587729019944532,0.33071752333243065,100
CFS_BC,W3_4,MSSS_clim,0.341894395577656,0.2634259390928293,0.40494710155403274,96
CFS_BC,W3_4,CRPSS_clim,0.21756397416618323,0.13801637404452888,0.28410079169502067,96
CFS_BC,W3_4,MSSS_damp,0.1304355649917991,0.03456299993463892,0.22981978988655435,96
CFS_BC,W3_4,CRPSS_damp,0.08436874377774672,0.02048495160060747,0.1501916294920894,96
Chronos,W3_4,MSSS_clim,0.3569646102373075,0.1549167919312166,0.4600950079469323,96
Chronos,W3_4,CRPSS_clim,0.1049019956831363,-0.05785207619422674,0.19681455129789419,96
Chronos,W3_4,MSSS_damp,0.15034805716313504,-0.05305429628617193,0.2877151437604679,96
Chronos,W3_4,CRPSS_damp,-0.047471848271917416,-0.19828801214528186,0.05462332708152773,96
Chronos@abs,W3_4,MSSS_clim,0.4789139102012284,0.21883435577136917,0.6551159621518996,96
Chronos@abs,W3_4,CRPSS_clim,0.3204033971133996,0.14268000780580237,0.4668302669858305,96
Chronos@abs,W3_4,MSSS_damp,0.3114814275678015,0.036616350060275936,0.5183654371813464,96
Chronos@abs,W3_4,CRPSS_damp,0.20471467227967743,0.04543948899577886,0.3465843029956835,96
ChronosBolt,W3_4,MSSS_clim,0.2512573726567099,-0.09003341948602046,0.5359472245192541,96
ChronosBolt,W3_4,CRPSS_clim,0.18420018275262973,-0.015439994691632684,0.369596435362552,96
ChronosBolt,W3_4,MSSS_damp,0.010675558242946304,-0.32928322925360026,0.3528615512888093,96
ChronosBolt,W3_4,CRPSS_damp,0.04532538529770458,-0.1290403410050502,0.23182521321452232,96
Clim,W3_4,MSSS_damp,-0.3213144351983843,-0.4959392111800902,-0.14916470334767878,96
Clim,W3_4,CRPSS_damp,-0.1702314642868017,-0.2703207221557084,-0.06863991180916311,96
Damp,W3_4,MSSS_clim,0.2431778739707341,0.1298027190920518,0.3315236385496685,96
Damp,W3_4,CRPSS_clim,0.14546819965274937,0.06423109510486065,0.21279722298845108,96
Ensemble,W3_4,MSSS_clim,0.5526772572624813,0.42952716395130003,0.6389048813293986,96
Ensemble,W3_4,CRPSS_clim,0.3452859353477049,0.23866260482949606,0.4331645948735297,96
Ensemble,W3_4,MSSS_damp,0.40894600282838334,0.3234227283881861,0.48314684840646666,96
Ensemble,W3_4,CRPSS_damp,0.23383300143278085,0.16743259025764856,0.295847077715215,96
GBM_L,W3_4,MSSS_clim,0.25855919554647755,0.15986260756254703,0.33908754628093685,96
GBM_L,W3_4,CRPSS_clim,0.17073450245848742,0.07598392746666603,0.2529547398903459,96
GBM_L,W3_4,MSSS_damp,0.02032356223045817,-0.06612110594627421,0.11606463388244866,96
GBM_L,W3_4,CRPSS_damp,0.02956742252947253,-0.024387162449734233,0.08410059770099529,96
GBM_LG,W3_4,MSSS_clim,0.4680012962096681,0.303491587856204,0.6026196580270596,96
GBM_LG,W3_4,CRPSS_clim,0.2887685597138061,0.1801657904054671,0.3997840946977032,96
GBM_LG,W3_4,MSSS_damp,0.29706243317500514,0.15780090437124084,0.4360236498132443,96
GBM_LG,W3_4,CRPSS_damp,0.16769459018707633,0.09675488560439026,0.25533514534870877,96
GBM_LG@EC,W3_4,MSSS_clim,0.519725680457048,0.3366682773753446,0.6420352915355659,96
GBM_LG@EC,W3_4,CRPSS_clim,0.29161297067325065,0.15785198486338617,0.399546925665475,96
GBM_LG@EC,W3_4,MSSS_damp,0.36540660873281594,0.19459306631557358,0.49029767892497483,96
GBM_LG@EC,W3_4,CRPSS_damp,0.17102320938918059,0.057824094733596475,0.26193706554092117,96
LSTM_LG,W3_4,MSSS_clim,0.5741747412871248,0.46003473092251923,0.6699516162944169,96
LSTM_LG,W3_4,CRPSS_clim,0.37793506480271455,0.2700485243310246,0.4799257727913434,96
LSTM_LG,W3_4,MSSS_damp,0.4373509387905914,0.3574208196112918,0.5252658889006833,96
LSTM_LG,W3_4,CRPSS_damp,0.2720400400026062,0.2048503567641729,0.351958611137975,96
Pers,W3_4,MSSS_clim,-0.0028375418560901977,-0.5418514457491689,0.31725235783431827,96
Pers,W3_4,MSSS_damp,-0.32506372021331575,-0.9185392429791459,0.07907710646305036,96
Ridge_L,W3_4,MSSS_clim,0.41360825894426,0.30415451621668266,0.4793112063617744,96
Ridge_L,W3_4,CRPSS_clim,0.24983844503128982,0.15972988315187228,0.3105444645744146,96
Ridge_L,W3_4,MSSS_damp,0.22519212786193765,0.15008175446796151,0.27689169151124987,96
Ridge_L,W3_4,CRPSS_damp,0.12213734507730212,0.0640849934194625,0.16714966082959004,96
Ridge_LG,W3_4,MSSS_clim,0.5982782741831332,0.47297569812846224,0.6929759577890627,96
Ridge_LG,W3_4,CRPSS_clim,0.3854983840823225,0.2724878093110138,0.4811823376685698,96
Ridge_LG,W3_4,MSSS_damp,0.46919928474536643,0.3706207088278003,0.5632347129294896,96
Ridge_LG,W3_4,CRPSS_damp,0.28089087419805037,0.20122901838348162,0.3596099333204919,96
Ridge_LG@EC,W3_4,MSSS_clim,0.6007575745369117,0.4754631671950367,0.6920985892581514,96
Ridge_LG@EC,W3_4,CRPSS_clim,0.38487994417194915,0.27409264130863725,0.47971162269099693,96
Ridge_LG@EC,W3_4,MSSS_damp,0.4724752200920065,0.3633973392748849,0.5657037668498615,96
Ridge_LG@EC,W3_4,CRPSS_damp,0.28016715635616085,0.19358331934560682,0.36458850305501456,96
