family,test,horizon,statistic,p_value,n_dates,hac_lags,ci_low,ci_high,p_block4,p_block13,lower_95_one_sided,coverage90,coverage_ok,p_holm
H1,CW Ridge_L vs Ridge_LG,W1,4.100532026665147,2.0610069090084274e-05,102,4.0,,,,,,,,2.0610069090084274e-05
H1,dMSE GBM,W1,0.4777613050458598,0.10488951104889511,102,,0.007537964405907622,1.205758935063926,0.0913908609139086,0.11628837116288371,,,,0.10488951104889511
H1,dCRPS Ridge,W1,0.21823306833970818,0.015998400159984,102,,0.09687068478582041,0.418519446912805,0.0057994200579942,0.0365963403659634,,,,0.015998400159984
H1,dCRPS GBM,W1,0.06840553729308015,0.2638736126387361,102,,-0.026307755174031947,0.23891883555720242,0.22127787221277873,0.2753724627537246,,,,0.2638736126387361
H3,CRPSS_clim Ensemble,W1,0.29481313319387137,9.999000099990002e-05,102,,0.2014930561050962,,,,0.2183697377527787,0.7529644268774703,False,0.00029997000299970003
H1,CW Ridge_L vs Ridge_LG,W2,4.557255971612965,2.5913124587855394e-06,100,4.0,,,,,,,,7.773937376356618e-06
H1,dMSE GBM,W2,0.962295852716433,0.013598640135986401,100,,0.43339083559467295,1.8147338488523452,0.0044995500449955,0.0244975502449755,,,,0.027197280271972803
H1,dCRPS Ridge,W2,0.34070535796673185,0.004199580041995801,100,,0.19117997386407826,0.5922952448682951,0.0011998800119988001,0.009999000099990002,,,,0.0086991300869913
H1,dCRPS GBM,W2,0.2611893615368952,0.023797620237976203,100,,0.11716318082508037,0.519153429986568,0.015398460153984602,0.03519648035196481,,,,0.047595240475952406
H3,CRPSS_clim Ensemble,W2,0.2980046814594094,9.999000099990002e-05,100,,0.1981350558639877,,,,0.21266411116703934,0.6861167002012073,False,0.00029997000299970003
H1,CW Ridge_L vs Ridge_LG,W3_4,4.5491337375746825,2.693360103982009e-06,96,3.0,,,,,,,,7.773937376356618e-06
H1,dMSE GBM,W3_4,0.971503564883338,0.0066993300669933005,96,,0.3864478970865951,1.762426326088369,0.0011998800119988001,0.015198480151984802,,,,0.020097990200979902
H1,dCRPS Ridge,W3_4,0.4066921803812458,0.0028997100289971,96,,0.2200901397521752,0.6921049565993423,0.000999900009999,0.0065993400659934,,,,0.0086991300869913
H1,dCRPS GBM,W3_4,0.35385190676189576,0.0013998600139986002,96,,0.21363766503582532,0.5874895666388791,0.0005999400059994001,0.0031996800319968005,,,,0.004199580041995801
H3,CRPSS_clim Ensemble,W3_4,0.3452859353477049,9.999000099990002e-05,96,,0.23866260482949606,,,,0.25843740124490655,0.6297071129707112,False,0.00029997000299970003
H2,MSSS_damp Ensemble,W3_4,0.40894600282838334,9.999000099990002e-05,96,,,,,,0.3385759189369706,,,9.999000099990002e-05
H4,dCRPS CFS_BC - Ensemble,W1,-0.4190270526530325,0.9994000599940006,102,,-0.6832273538204623,-0.11563360933674298,,,,,,0.9994000599940006
H4,dCRPS CFS_BC - Ensemble,W2,0.0014511450970636352,0.34636536346365365,100,,-0.22999353064662348,0.16443630920170055,,,,,,0.6927307269273073
H4,dCRPS CFS_BC - Ensemble,W3_4,0.38289507749182833,0.0038996100389961006,96,,0.16110379103829855,0.6557383583111109,,,,,,0.011698830116988301
