model,horizon,n,MSE,murphy_r,murphy_cond_bias,murphy_uncond_bias,msss_sample,MSSS_clim,MSSS_damp
CFS_BC,W1,506.0,0.5060512471800329,0.7880282676437808,3.231683493199477e-05,4.356045470113019e-05,0.6209126733160251,0.6411461984781139,0.5307003989094776
Chronos,W1,506.0,0.7222029561752383,0.6870847914838815,0.0002777148199894,0.0128162204210332,0.4589915754474261,0.487867527769124,0.3302465686467172
Clim,W1,506.0,1.410187784088918,0.0,0.0,0.056383755937038,-0.056383755937038,0.0,-0.3077738039843511
Damp,W1,506.0,1.078311692582116,0.4917417050571791,0.0249030464103888,0.0246793893246268,0.1922274687575261,0.2353417716784561,0.0
Ensemble,W1,506.0,0.705020033221702,0.727317269200002,0.0515606079810395,0.0055663517868476,0.4718634503086609,0.5000523751684635,0.3461815928811204
GBM_L,W1,506.0,0.9390354505034522,0.5960731893882907,0.0304817585980222,0.0282609930587232,0.2965604954507835,0.3341060948771897,0.1291613946475476
GBM_LG,W1,506.0,0.8427278356523107,0.6170792157200299,0.0101050098826259,0.0019763933919905,0.3687053551990307,0.4024002723887068,0.2184747309617668
GBM_LG@EC,W1,506.0,0.7791914781162693,0.6565432438844047,0.0084313389436667,0.0063167069401372,0.4163009852064529,0.4474555184012726,0.2773968014290708
LSTM_LG,W1,506.0,0.7704897612635401,0.69253311142846,0.047618781593007,0.0091638129475637,0.4228195158842128,0.4536261269903628,0.2854665616965239
Pers,W1,506.0,1.248110318894877,0.533334130000333,0.2193248971819166,9.05346175340494e-05,0.0650298624237614,0.1149332500414153,-0.1574671103734048
Ridge_L,W1,506.0,0.8423934291918459,0.6682579527750128,0.059930059590777,0.0176827699114742,0.3689558619447998,0.4026374085093268,0.2187848513682924
Ridge_LG,W1,506.0,0.7198846911694986,0.7088728029332447,0.0391613411005391,0.0026111020045631,0.4607282076333326,0.4895114684073118,0.3323964711486445
Ridge_LG@EC,W1,506.0,0.7014295431542393,0.7180081291826208,0.0281515066126184,0.0128310497670231,0.4745531171926855,0.5025984829336663,0.3495113259185736
CFS_BC,W2,497.0,0.568395403422284,0.7018359923491163,0.0259712539982326,0.0110504512568027,0.4555520549016334,0.4909941915948239,0.3575976803974152
Chronos,W2,497.0,0.6727969222625264,0.6405654056743525,0.0030929434155286,0.0516819471546559,0.3555491483765632,0.3975012126297473,0.2396027468191481
Clim,W2,497.0,1.116677637143647,0.0,0.0,0.0696301223049651,-0.0696301223049651,0.0,-0.2620726698883231
Damp,W2,497.0,0.8847966236702189,0.4668180332766968,0.0250983535228242,0.0403393702285283,0.1524813524409706,0.2076525988883929,0.0
Ensemble,W2,497.0,0.5511788786387791,0.7486121487288778,0.0734046067687182,0.014972324037175,0.4720432184185742,0.5064118235154764,0.3770558522788687
GBM_L,W2,497.0,0.8540680323252833,0.5019853498428737,0.0182201690204839,0.0518538261021594,0.1819152963342288,0.2351704700472857,0.0347295531231466
GBM_LG,W2,497.0,0.6604471364064839,0.6228100000117739,0.0110250615208043,0.0094886176972444,0.367378616896617,0.4085606137006169,0.2535605146560262
GBM_LG@EC,W2,497.0,0.6321267998576792,0.6357937483507806,0.0006452025014463,0.0090827181048199,0.3945057698356695,0.4339218599607689,0.2855682504352715
LSTM_LG,W2,497.0,0.5609214778868022,0.7368514037325055,0.067814431703347,0.0124244681478171,0.4627110913313996,0.4976871934844286,0.3660447351617961
Pers,W2,497.0,1.1015086927098623,0.5453219115909942,0.3521850138636574,0.0002912445169984,-0.0551002711193997,0.0135839958903318,-0.2449286799272598
Ridge_L,W2,497.0,0.6934023380919132,0.6504243906528799,0.0619836579388785,0.0252563565002017,0.3358118735170898,0.3790487827216018,0.2163144393390477
Ridge_LG,W2,497.0,0.5346432923832141,0.7333472382885035,0.0449439023009497,0.004972137106614,0.4878821324978112,0.5212196657302284,0.3957444252381256
Ridge_LG@EC,W2,497.0,0.5041879387716253,0.750322336838504,0.029904514638177,0.0160247438957087,0.5170543506249077,0.5484928487855376,0.4301651641930926
CFS_BC,W3_4,478.0,0.6130830921347011,0.646919258720116,0.084575874124945,0.0475727584960844,0.286355894681955,0.341894395577656,0.1304355649917991
Chronos,W3_4,478.0,0.599043865389652,0.6435442665254294,0.0163348178709323,0.0951164981619892,0.3026979069448313,0.3569646102373075,0.150348057163135
Clim,W3_4,478.0,0.931587708742943,0.0,0.0,0.0843914723146145,-0.0843914723146145,0.0,-0.3213144351983843
Damp,W3_4,478.0,0.7050461903135667,0.513901107308983,0.0315798540011952,0.0532059536173563,0.1793085404748472,0.2431778739707341,0.0
Ensemble,W3_4,478.0,0.416720368975454,0.7947821411194573,0.0907606323440532,0.0259909870953251,0.5149270324030505,0.5526772572624813,0.4089460028283833
GBM_L,W3_4,478.0,0.6907171401893815,0.5376961727161763,0.0238855127069932,0.0692437470221185,0.1959879144245123,0.2585591955464775,0.0203235622304581
GBM_LG,W3_4,478.0,0.4956034535182509,0.6891564669261893,0.0346615102457786,0.0171699833330742,0.4231051423273349,0.4680012962096681,0.297062433175005
GBM_LG@EC,W3_4,478.0,0.4474176529110947,0.7124679439301518,0.0026146241190233,0.0258013234931162,0.4791946235159182,0.519725680457048,0.3654066087328159
LSTM_LG,W3_4,478.0,0.3966935770891984,0.7938532583550569,0.0778952154084393,0.0140690596369077,0.5382387207555936,0.5741747412871248,0.4373509387905914
Pers,W3_4,478.0,0.9342311278591202,0.6002021409023699,0.447657650178661,5.343827082188639e-05,-0.0874684785056946,-0.0028375418560901,-0.3250637202133157
Ridge_L,W3_4,478.0,0.546275338475902,0.6912387156097723,0.073474443297149,0.0402147220972627,0.3641217965634359,0.4136082589442599,0.2251921278619375
Ridge_LG,W3_4,478.0,0.3742390221059957,0.7797641038076689,0.0316766816096262,0.0119789896966716,0.5643763862806792,0.5982782741831332,0.4691992847453664
Ridge_LG@EC,W3_4,478.0,0.3719293363701337,0.7925035274258275,0.025430557762447,0.0355663647783086,0.5670649184416237,0.6007575745369116,0.4724752200920064
