model,base_model,static_variant,station,elev_m,horizon,crpss_clim_temporal,crpss_clim_loso,dCRPS_loso_minus_temporal,ci_low,ci_high,n_dates
Ensemble,Ensemble,all,040114,3269,W1,0.33649234893446756,0.32310084091738966,0.010780300198616305,0.0009640013388962819,0.025593178127792673,102
Ensemble,Ensemble,all,040114,3269,W2,0.3553349958153422,0.31145534409043685,0.03240905820369986,0.01723277745770164,0.053175055849935815,100
Ensemble,Ensemble,all,040114,3269,W3_4,0.4104970946637727,0.3377273077498498,0.05205396623579365,0.03278295480492729,0.07681887123794731,96
Ensemble,Ensemble,all,040514,4475,W1,0.3049091273675456,0.3058941541590292,-0.0008543432921531868,-0.02049573758215331,0.017832358448803508,102
Ensemble,Ensemble,all,040514,4475,W2,0.29338442163579126,0.3041798977903557,-0.00880774149186268,-0.03747578380158761,0.020992301247423677,100
Ensemble,Ensemble,all,040514,4475,W3_4,0.2990791719253617,0.31744259829864363,-0.014478315190018437,-0.050076695134641976,0.022414183215728203,96
Ensemble,Ensemble,all,150701,2421,W1,0.3661931559970186,0.333886160287715,0.017129486142233547,-0.0020738027502233305,0.03791523231482317,102
Ensemble,Ensemble,all,150701,2421,W2,0.3607246775366356,0.30426674929726427,0.027981581414560322,0.00042119301475531176,0.05721198264833062,100
Ensemble,Ensemble,all,150701,2421,W3_4,0.4419282322344549,0.33349440835450495,0.05105702517525144,0.010471419235833543,0.08833332285968092,96
Ensemble,Ensemble,all,151007,3840,W1,0.09676482850515145,0.09068470766066128,0.0027792147244373074,-0.008541654747955166,0.011811044759507743,98
Ensemble,Ensemble,all,151007,3840,W2,0.06672204164885154,0.06822358512950721,-0.0005476040084078931,-0.015520084820948882,0.01495168174119754,97
Ensemble,Ensemble,all,151007,3840,W3_4,0.12796392910818566,0.1467872316895923,-0.005101792091957902,-0.021505954048586247,0.008296357203034177,94
Ensemble,Ensemble,all,230201,3410,W1,0.30276780128814584,0.28716780737829584,0.013379412611362844,8.312220868754743e-05,0.027191940240557964,102
Ensemble,Ensemble,all,230201,3410,W2,0.3135233225203331,0.2849809114188454,0.022360996116461123,0.006324486027407915,0.04256167435313974,100
Ensemble,Ensemble,all,230201,3410,W3_4,0.34786402497056634,0.3195140478822581,0.02148575274484447,0.0017901719041520253,0.05077519051530015,96
GBM_L,GBM_L,all,040114,3269,W1,0.2535729252824225,0.2681979193733711,-0.011773269037538463,-0.03544925115415063,0.009589669782708952,102
GBM_L,GBM_L,all,040114,3269,W2,0.1734601363836309,0.22326052877314273,-0.03678205619400339,-0.08432436957843699,-0.00037058632908124793,100
GBM_L,GBM_L,all,040114,3269,W3_4,0.15214308524671538,0.18562415927241882,-0.023949811738951592,-0.07303703740109774,0.007479412743438645,96
GBM_L,GBM_L,all,040514,4475,W1,0.2451749690993712,0.21079947739467053,0.02981489539807005,0.008793726591493908,0.059428967558144516,102
GBM_L,GBM_L,all,040514,4475,W2,0.1571157694933727,0.088483059429185,0.05599560033076874,0.027726054477607658,0.09984713750851586,100
GBM_L,GBM_L,all,040514,4475,W3_4,0.1680099434241229,0.14703116414454798,0.016540343427054665,-0.010553015324400644,0.04817803982718428,96
GBM_L,GBM_L,all,150701,2421,W1,0.26442501511034555,0.1488396027702682,0.06128451982161714,0.017220268841552526,0.1102165704897494,102
GBM_L,GBM_L,all,150701,2421,W2,0.215302628623656,0.08487143970688216,0.064644081805458,0.011302189893314961,0.1255163740807546,100
GBM_L,GBM_L,all,150701,2421,W3_4,0.23854209599654508,0.10432994729173528,0.06319497745309278,0.010340244886311878,0.12447660361965743,96
GBM_L,GBM_L,all,151007,3840,W1,0.0871135383902164,0.08656033872122504,0.00025286679408819865,-0.0062072524012054524,0.007735387710498675,98
GBM_L,GBM_L,all,151007,3840,W2,0.013722238164710743,-0.011822133822760206,0.009315881073584005,-0.0032945412312184973,0.02094678660770672,97
GBM_L,GBM_L,all,151007,3840,W3_4,0.07107389797859531,0.05948888425933019,0.0031399554420675165,-0.009601009019177823,0.012497265992194978,94
GBM_L,GBM_L,all,230201,3410,W1,0.20985033207042558,0.24872039075053376,-0.03333709976519157,-0.0730880773066039,0.00020203547924833637,102
GBM_L,GBM_L,all,230201,3410,W2,0.16066941490600906,0.2376268088113378,-0.06029077151650779,-0.11762879790351438,-0.012022180303791187,100
GBM_L,GBM_L,all,230201,3410,W3_4,0.18388715917978515,0.2889748052599771,-0.07964335114570188,-0.1355820479128504,-0.028352914685102072,96
GBM_L@elev,GBM_L,elev,040114,3269,W1,0.2535729252824225,0.27114305526514293,-0.014144133394154084,-0.039715376141376386,0.008696971191070463,102
GBM_L@elev,GBM_L,elev,040114,3269,W2,0.1734601363836309,0.23002168699113779,-0.04177577792144953,-0.09268006822753463,-0.0020033820459223247,100
GBM_L@elev,GBM_L,elev,040114,3269,W3_4,0.15214308524671538,0.19961478463740168,-0.03395764014207581,-0.08534797627396425,-0.001097378616163391,96
GBM_L@elev,GBM_L,elev,040514,4475,W1,0.2451749690993712,0.21906469624210456,0.022646223092367402,-0.0016181437997233468,0.05473570067607117,102
GBM_L@elev,GBM_L,elev,040514,4475,W2,0.1571157694933727,0.11338391853840069,0.0356796525375316,0.012895526368688008,0.06847149563035451,100
GBM_L@elev,GBM_L,elev,040514,4475,W3_4,0.1680099434241229,0.15969015376905737,0.006559589397540487,-0.025692404388946134,0.045529668238663876,96
GBM_L@elev,GBM_L,elev,150701,2421,W1,0.26442501511034555,0.12688237012289105,0.07292646002984056,0.024916075717780563,0.12330798220004005,102
GBM_L@elev,GBM_L,elev,150701,2421,W2,0.215302628623656,0.06562222350550229,0.07418434527424349,0.016886099166475262,0.13721031010052764,100
GBM_L@elev,GBM_L,elev,150701,2421,W3_4,0.23854209599654508,0.06908013880936392,0.07979266159544839,0.020973083198773817,0.1444728050488517,96
GBM_L@elev,GBM_L,elev,151007,3840,W1,0.0871135383902164,0.08250181054317396,0.0021080143413947194,-0.006361990190960592,0.01018098006887279,98
GBM_L@elev,GBM_L,elev,151007,3840,W2,0.013722238164710743,-0.012705197625473064,0.009637929208903025,-0.005772716258853882,0.023201285008585763,97
GBM_L@elev,GBM_L,elev,151007,3840,W3_4,0.07107389797859531,0.062003764880372514,0.002458332331077157,-0.011805416251793563,0.012374170812094106,94
GBM_L@elev,GBM_L,elev,230201,3410,W1,0.20985033207042558,0.25739855312438853,-0.04077996902393507,-0.08398132024878033,-0.005074707682719928,102
GBM_L@elev,GBM_L,elev,230201,3410,W2,0.16066941490600906,0.25078510041674273,-0.07059937881816594,-0.13497704385649897,-0.01824943237335605,100
GBM_L@elev,GBM_L,elev,230201,3410,W3_4,0.18388715917978515,0.30312184055290936,-0.09036504243418934,-0.15259832232683906,-0.03438720653303019,96
GBM_L@none,GBM_L,none,040114,3269,W1,0.2535729252824225,0.2799965744023719,-0.021271306375106144,-0.053670541869925516,0.007034101837693052,102
GBM_L@none,GBM_L,none,040114,3269,W2,0.1734601363836309,0.24907916270287755,-0.05585143292959563,-0.12155217507514303,-0.003874774191869833,100
GBM_L@none,GBM_L,none,040114,3269,W3_4,0.15214308524671538,0.21507402737034964,-0.04501600561734761,-0.1064435404681715,-0.005943385992919339,96
GBM_L@none,GBM_L,none,040514,4475,W1,0.2451749690993712,0.21998156089661447,0.02185099886682824,-0.0015267829647427765,0.050371535977257166,102
GBM_L@none,GBM_L,none,040514,4475,W2,0.1571157694933727,0.11817491289850868,0.03177080783178297,0.008440718612784393,0.06182234276523987,100
GBM_L@none,GBM_L,none,040514,4475,W3_4,0.1680099434241229,0.16799554799540384,1.1349818386438096e-05,-0.040317627185731536,0.045556469071407577,96
GBM_L@none,GBM_L,none,150701,2421,W1,0.26442501511034555,0.1384114491087779,0.06681362922073522,0.019818563469772624,0.11744404469078801,102
GBM_L@none,GBM_L,none,150701,2421,W2,0.215302628623656,0.08125222604496718,0.06643783026374696,0.008078554570661391,0.12993203665169403,100
GBM_L@none,GBM_L,none,150701,2421,W3_4,0.23854209599654508,0.07824273448126062,0.0754783723713719,0.014752391741526516,0.14170627346342865,96
GBM_L@none,GBM_L,none,151007,3840,W1,0.0871135383902164,0.08307376459625926,0.0018465749445977404,-0.005364338525321892,0.009005277332069994,98
GBM_L@none,GBM_L,none,151007,3840,W2,0.013722238164710743,-0.0017486140297762187,0.005642128106399588,-0.008572821868978352,0.017591735599885673,97
GBM_L@none,GBM_L,none,151007,3840,W3_4,0.07107389797859531,0.0777001867652618,-0.0017959626152021341,-0.013723839778972657,0.006643423753750259,94
GBM_L@none,GBM_L,none,230201,3410,W1,0.20985033207042558,0.2592919300282778,-0.04240383317236668,-0.08582285762022392,-0.006987386854080019,102
GBM_L@none,GBM_L,none,230201,3410,W2,0.16066941490600906,0.2635158761683707,-0.08057305715001696,-0.14857069680533336,-0.02283043068302984,100
GBM_L@none,GBM_L,none,230201,3410,W3_4,0.18388715917978515,0.30293173001459184,-0.0902209623170253,-0.15369591660573406,-0.032822861638293864,96
GBM_LG,GBM_LG,all,040114,3269,W1,0.28864793232867103,0.3104815968521383,-0.017576322076549387,-0.03114243224008368,-0.002213089997208724,102
GBM_LG,GBM_LG,all,040114,3269,W2,0.2969721027530555,0.3193925330703392,-0.016559498595391645,-0.032699438236914936,-0.0002043943259691174,100
GBM_LG,GBM_LG,all,040114,3269,W3_4,0.3424230024751076,0.3432480485994722,-0.0005901751938816464,-0.01420722533541762,0.010281529738108875,96
GBM_LG,GBM_LG,all,040514,4475,W1,0.1998549552533455,0.1776786523944911,0.01923417287329339,-0.007385629048019303,0.0420358185371497,102
GBM_LG,GBM_LG,all,040514,4475,W2,0.17300812955279765,0.16798315706369904,0.004099741229940279,-0.030224337581209265,0.038988393931785444,100
GBM_LG,GBM_LG,all,040514,4475,W3_4,0.18496528580972305,0.21621252889551945,-0.024636330117211763,-0.10069938493666712,0.03871514586666403,96
GBM_LG,GBM_LG,all,150701,2421,W1,0.3226490414911253,0.24784808979478046,0.03966019858477405,0.008303788303170951,0.07992926194072836,102
GBM_LG,GBM_LG,all,150701,2421,W2,0.35474091692494925,0.2606677042233658,0.046624404086846136,0.004783783931533667,0.10146736222911162,100
GBM_LG,GBM_LG,all,150701,2421,W3_4,0.431805792571054,0.29183624103942984,0.06590590150385917,0.018654452851076357,0.12132859881708212,96
GBM_LG,GBM_LG,all,151007,3840,W1,0.07954832011857726,0.08925085362180474,-0.004435014478528334,-0.01192504765538587,0.003277921432462795,98
GBM_LG,GBM_LG,all,151007,3840,W2,0.03316243455423806,0.02329657314048661,0.0035980211869781546,-0.011303921537782962,0.018474951463699974,97
GBM_LG,GBM_LG,all,151007,3840,W3_4,0.060329713972065546,0.061294193748588466,-0.0002614087127079669,-0.015850448594016107,0.01450780586014857,94
GBM_LG,GBM_LG,all,230201,3410,W1,0.27039763720298904,0.26685362444932026,0.003039540220674607,-0.009731661419368987,0.016404945108625103,102
GBM_LG,GBM_LG,all,230201,3410,W2,0.2640778774374609,0.2705063655894633,-0.005036273848432871,-0.021884150250682292,0.0181420569265475,100
GBM_LG,GBM_LG,all,230201,3410,W3_4,0.3372414696935859,0.3493429089400676,-0.009171384184782834,-0.025877230483514455,0.01950135419816529,96
GBM_LG@elev,GBM_LG,elev,040114,3269,W1,0.28864793232867103,0.3124294460274092,-0.019144360480011374,-0.03407123979985336,-0.0029289839340641125,102
GBM_LG@elev,GBM_LG,elev,040114,3269,W2,0.2969721027530555,0.3208995259498645,-0.01767254799357942,-0.034257783142738175,-0.0008881759006754094,100
GBM_LG@elev,GBM_LG,elev,040114,3269,W3_4,0.3424230024751076,0.35275563259380904,-0.0073911770548681635,-0.023233299644797218,0.0053443231364984755,96
GBM_LG@elev,GBM_LG,elev,040514,4475,W1,0.1998549552533455,0.17377564967998982,0.022619364237852744,-0.006071607307747269,0.04883465241848016,102
GBM_LG@elev,GBM_LG,elev,040514,4475,W2,0.17300812955279765,0.17155819307042908,0.001182964561588472,-0.03623328233045448,0.037936230701574924,100
GBM_LG@elev,GBM_LG,elev,040514,4475,W3_4,0.18496528580972305,0.21862041215860684,-0.0265347826235737,-0.1053764822600555,0.03845598821021169,96
GBM_LG@elev,GBM_LG,elev,150701,2421,W1,0.3226490414911253,0.2459247381932288,0.04067997847708799,0.009740048782299655,0.07817292847207123,102
GBM_LG@elev,GBM_LG,elev,150701,2421,W2,0.35474091692494925,0.25568071834628847,0.04909604546095148,0.006575248531734072,0.10367628882373144,100
GBM_LG@elev,GBM_LG,elev,150701,2421,W3_4,0.431805792571054,0.2909721375238914,0.0663127722879764,0.018978658535050253,0.12400186298120205,96
GBM_LG@elev,GBM_LG,elev,151007,3840,W1,0.07954832011857726,0.08730601242002722,-0.0035460302884246122,-0.012250329110253887,0.004147075289685763,98
GBM_LG@elev,GBM_LG,elev,151007,3840,W2,0.03316243455423806,0.029313479537596,0.0014036910835075746,-0.014933693384476214,0.014831338358199789,97
GBM_LG@elev,GBM_LG,elev,151007,3840,W3_4,0.060329713972065546,0.06384711703906831,-0.0009533427555475307,-0.017260243533802778,0.01343680722031454,94
GBM_LG@elev,GBM_LG,elev,230201,3410,W1,0.27039763720298904,0.2707235235377039,-0.00027949804094485513,-0.015050637536822372,0.0146109469709063,102
GBM_LG@elev,GBM_LG,elev,230201,3410,W2,0.2640778774374609,0.2865960332302445,-0.017641410616710537,-0.03369211570968391,0.0032586490813938415,100
GBM_LG@elev,GBM_LG,elev,230201,3410,W3_4,0.3372414696935859,0.3754662859770207,-0.028969651327220833,-0.04569795304658296,-0.0041223659272385405,96
GBM_LG@none,GBM_LG,none,040114,3269,W1,0.28864793232867103,0.3058248497706676,-0.01382759329833694,-0.03401533691079181,0.005342899588115767,102
GBM_LG@none,GBM_LG,none,040114,3269,W2,0.2969721027530555,0.3246266656643526,-0.02042537494620557,-0.047440069313449434,0.003698787324324002,100
GBM_LG@none,GBM_LG,none,040114,3269,W3_4,0.3424230024751076,0.3668190509158842,-0.017451075998409973,-0.04264989748562006,-0.0012108426050637389,96
GBM_LG@none,GBM_LG,none,040514,4475,W1,0.1998549552533455,0.17420089728394228,0.022250534231316694,-0.005484523879281337,0.04671695026346682,102
GBM_LG@none,GBM_LG,none,040514,4475,W2,0.17300812955279765,0.17292842524821206,6.502861944452598e-05,-0.030391291664185822,0.02864323713006453,100
GBM_LG@none,GBM_LG,none,040514,4475,W3_4,0.18496528580972305,0.2238922133766421,-0.030691240035295674,-0.1050018989546866,0.030902643080815476,96
GBM_LG@none,GBM_LG,none,150701,2421,W1,0.3226490414911253,0.24417936312372124,0.04160539346569122,0.01074078744685596,0.08115965320356068,102
GBM_LG@none,GBM_LG,none,150701,2421,W2,0.35474091692494925,0.24581833796450003,0.05398402148487373,0.011925662033898042,0.109087966201608,100
GBM_LG@none,GBM_LG,none,150701,2421,W3_4,0.431805792571054,0.2988649062651315,0.06259639230703906,0.01545948851820467,0.1201508344259046,96
GBM_LG@none,GBM_LG,none,151007,3840,W1,0.07954832011857726,0.08322788104575807,-0.0016819221475757318,-0.010277981956927893,0.006945684626127651,98
GBM_LG@none,GBM_LG,none,151007,3840,W2,0.03316243455423806,0.03009225256778214,0.001119677174843607,-0.017536582575610478,0.01816337834620222,97
GBM_LG@none,GBM_LG,none,151007,3840,W3_4,0.060329713972065546,0.09444934154710671,-0.00924764638883493,-0.0346784872059892,0.0112930361787541,94
GBM_LG@none,GBM_LG,none,230201,3410,W1,0.27039763720298904,0.26357860790368426,0.005848374501400562,-0.014186131909427278,0.024114807400094408,102
GBM_LG@none,GBM_LG,none,230201,3410,W2,0.2640778774374609,0.2873554397693916,-0.018236352880428335,-0.04496257730934454,0.009888066680649857,100
GBM_LG@none,GBM_LG,none,230201,3410,W3_4,0.3372414696935859,0.3862338488825511,-0.03713012332803221,-0.06430449791937144,-0.009259485873385265,96
LSTM_LG,LSTM_LG,all,040114,3269,W1,0.30941900182795057,0.31686012571445277,-0.005990180434443157,-0.013441554706921668,0.005214484771128063,102
LSTM_LG,LSTM_LG,all,040114,3269,W2,0.36651682178157985,0.36442732487252993,0.001543280866639448,-0.011273054350995708,0.01991379344236443,100
LSTM_LG,LSTM_LG,all,040114,3269,W3_4,0.44970935969057624,0.4407698891140981,0.006394616767317137,-0.01182495017555115,0.029320008935771705,96
LSTM_LG,LSTM_LG,all,040514,4475,W1,0.2836723210556146,0.29065129040997384,-0.006053069526220144,-0.020078985073679514,0.010079488550522127,102
LSTM_LG,LSTM_LG,all,040514,4475,W2,0.3029928403230605,0.32924123075253053,-0.021415362710287534,-0.04169706506539097,0.001616024958257635,100
LSTM_LG,LSTM_LG,all,040514,4475,W3_4,0.34239153316354853,0.37235339560557756,-0.023622894730954604,-0.04734345281317673,-0.00015575148004774982,96
LSTM_LG,LSTM_LG,all,150701,2421,W1,0.34870817059831427,0.3043633495354827,0.023512059267610956,0.006346949980886931,0.03773270797528108,102
LSTM_LG,LSTM_LG,all,150701,2421,W2,0.36415473579225766,0.3011242331925207,0.031239069429141234,0.01225559957884867,0.04938610378998194,100
LSTM_LG,LSTM_LG,all,150701,2421,W3_4,0.445374190228785,0.36894964210485226,0.03598517453272588,0.012693602417317967,0.060618849039424515,96
LSTM_LG,LSTM_LG,all,151007,3840,W1,0.047143563294900104,0.05502933473997751,-0.003604575085636077,-0.020247653123318814,0.009853226828973128,98
LSTM_LG,LSTM_LG,all,151007,3840,W2,0.013563463985267865,0.02135967353147461,-0.002843231416799997,-0.022251016154347613,0.016527421447526634,97
LSTM_LG,LSTM_LG,all,151007,3840,W3_4,0.005050047645910882,0.016356052752582118,-0.0030643340718449815,-0.030030545599400625,0.020850815762355934,94
LSTM_LG,LSTM_LG,all,230201,3410,W1,0.2963710294868225,0.2949231478928115,0.0012417828731611318,-0.011763210958953578,0.014018615618958192,102
LSTM_LG,LSTM_LG,all,230201,3410,W2,0.35820495487752224,0.3584051519028896,-0.0001568404607042803,-0.01572192969353204,0.01793589711686019,100
LSTM_LG,LSTM_LG,all,230201,3410,W3_4,0.4358432745986929,0.43334834591831195,0.0018908452933032963,-0.018436203726223357,0.024019724552394546,96
LSTM_LG@elev,LSTM_LG,elev,040114,3269,W1,0.30941900182795057,0.2919292602911193,0.014079419877343291,-0.004403436487967787,0.03637277170839094,102
LSTM_LG@elev,LSTM_LG,elev,040114,3269,W2,0.36651682178157985,0.3295019077772865,0.027338833723905775,0.003474371448495418,0.05389429702052834,100
LSTM_LG@elev,LSTM_LG,elev,040114,3269,W3_4,0.44970935969057624,0.39929335831888724,0.036063769655528786,0.008112542171236801,0.062470641904187045,96
LSTM_LG@elev,LSTM_LG,elev,040514,4475,W1,0.2836723210556146,0.2730054312414033,0.00925171359774193,-0.013728658628574988,0.028475810534834178,102
LSTM_LG@elev,LSTM_LG,elev,040514,4475,W2,0.3029928403230605,0.29617082288866436,0.005565902342319279,-0.01861608762502332,0.026271362075671476,100
LSTM_LG@elev,LSTM_LG,elev,040514,4475,W3_4,0.34239153316354853,0.36421129896010396,-0.017203404209715296,-0.046001309501739314,0.013107962488475025,96
LSTM_LG@elev,LSTM_LG,elev,150701,2421,W1,0.34870817059831427,0.3083644562880772,0.02139063320593523,0.0027975804003246923,0.03408700268889256,102
LSTM_LG@elev,LSTM_LG,elev,150701,2421,W2,0.36415473579225766,0.3469147196395359,0.008544467191931257,-0.00755505430326486,0.01931651680924877,100
LSTM_LG@elev,LSTM_LG,elev,150701,2421,W3_4,0.445374190228785,0.42718459367423733,0.008564732442170535,-0.008067919320472162,0.019682751632486714,96
LSTM_LG@elev,LSTM_LG,elev,151007,3840,W1,0.047143563294900104,0.05575147537487224,-0.003934664558682192,-0.02366780348524209,0.014430740410723224,98
LSTM_LG@elev,LSTM_LG,elev,151007,3840,W2,0.013563463985267865,0.0558727577559629,-0.015429948689615468,-0.038575602122389134,0.002637587846273295,97
LSTM_LG@elev,LSTM_LG,elev,151007,3840,W3_4,0.005050047645910882,0.050312939495105735,-0.012267871841122518,-0.0447958744604729,0.008495544256061133,94
LSTM_LG@elev,LSTM_LG,elev,230201,3410,W1,0.2963710294868225,0.269937816951916,0.02267057661638268,0.0042283146879856974,0.04255074875809795,102
LSTM_LG@elev,LSTM_LG,elev,230201,3410,W2,0.35820495487752224,0.3061550612692384,0.04077747548021213,0.020325080354023774,0.06552931941650474,100
LSTM_LG@elev,LSTM_LG,elev,230201,3410,W3_4,0.4358432745986929,0.3763461776444128,0.04509139143970953,0.019976350300606172,0.06873307404205586,96
LSTM_LG@none,LSTM_LG,none,040114,3269,W1,0.30941900182795057,0.27784227942293016,0.0254195827968275,0.0034691637876175753,0.05360754866907159,102
LSTM_LG@none,LSTM_LG,none,040114,3269,W2,0.36651682178157985,0.3294033449163537,0.027411631236445723,0.0016929732003467856,0.05938461997565556,100
LSTM_LG@none,LSTM_LG,none,040114,3269,W3_4,0.44970935969057624,0.41137775493726125,0.027419512193337065,-0.0017310649616517652,0.06675958656569089,96
LSTM_LG@none,LSTM_LG,none,040514,4475,W1,0.2836723210556146,0.2617440260917002,0.019019068184491894,-0.010298307593145479,0.04279902066304396,102
LSTM_LG@none,LSTM_LG,none,040514,4475,W2,0.3029928403230605,0.29748034280824254,0.0044974999147695295,-0.021233823361814674,0.02537024248622652,100
LSTM_LG@none,LSTM_LG,none,040514,4475,W3_4,0.34239153316354853,0.36020290343771044,-0.014043056429308068,-0.040932978970528555,0.011443653092579043,96
LSTM_LG@none,LSTM_LG,none,150701,2421,W1,0.34870817059831427,0.2952608967756667,0.028338269040025756,0.0008579333488621796,0.05784085567828726,102
LSTM_LG@none,LSTM_LG,none,150701,2421,W2,0.36415473579225766,0.3139320928977578,0.024891260002467316,-0.004994518182511046,0.0570269086528214,100
LSTM_LG@none,LSTM_LG,none,150701,2421,W3_4,0.445374190228785,0.3567038168388207,0.04175122968532948,0.0063809473247988194,0.07621554555867358,96
LSTM_LG@none,LSTM_LG,none,151007,3840,W1,0.047143563294900104,-0.01173940734861767,0.026915323431338574,0.009502052210440391,0.04782130992387877,98
LSTM_LG@none,LSTM_LG,none,151007,3840,W2,0.013563463985267865,-0.03853196107443524,0.018998892772625092,0.007251065581348104,0.03878275346321889,97
LSTM_LG@none,LSTM_LG,none,151007,3840,W3_4,0.005050047645910882,-0.012255535987731214,0.004690435663295373,-0.014991211052503112,0.02716104317708965,94
LSTM_LG@none,LSTM_LG,none,230201,3410,W1,0.2963710294868225,0.2696719716844994,0.02289858013639046,-0.0006514604969980759,0.0418948666966768,102
LSTM_LG@none,LSTM_LG,none,230201,3410,W2,0.35820495487752224,0.3489618581514806,0.007241324121504172,-0.017680945172725455,0.027422892244524828,100
LSTM_LG@none,LSTM_LG,none,230201,3410,W3_4,0.4358432745986929,0.44548538701930995,-0.007307520664375126,-0.033513306890273445,0.0156113506151599,96
