target,model,horizon,n,CRPS,CRPSS_clim,CRPSS_damp,MSSS_damp,brier_frost,frost_rate,BSS_frost_clim,note
TT_max,Clim,W1,506.0,0.9299611714138332,0.0,-0.0680864716867679,-0.1701132663424567,,,,
TT_max,Damp,W1,506.0,0.8706796650510876,0.0637462167077567,0.0,0.0,,,,
TT_max,GBM_LG,W1,506.0,0.752573430319999,0.1907474704821805,0.1356483210437201,0.2059165792501932,,,,
TT_max,Pers,W1,506.0,,,,-0.1368983210349603,,,,"deterministic: no CRPS, CRPSS or frost probability"
TT_max,Ridge_LG,W1,506.0,0.7297182782973415,0.2153239288604487,0.1618981037595213,0.2717882409706943,,,,
TT_max,Clim,W2,497.0,0.8236599304757609,0.0,-0.0648393472772197,-0.1585366264616035,,,,
TT_max,Damp,W2,497.0,0.7735062876685095,0.0608912015159968,0.0,0.0,,,,
TT_max,GBM_LG,W2,497.0,0.6916080566376817,0.160323294787211,0.1058792052973274,0.1875212683065172,,,,
TT_max,Pers,W2,497.0,,,,-0.2086934803332114,,,,"deterministic: no CRPS, CRPSS or frost probability"
TT_max,Ridge_LG,W2,497.0,0.6654973785669982,0.1920240939939924,0.1396354636328426,0.2190788832228645,,,,
TT_max,Clim,W3_4,478.0,0.7294683571830313,0.0,-0.0913070415243362,-0.1979303355121311,,,,
TT_max,Damp,W3_4,478.0,0.6684354901294423,0.0836676004553206,0.0,0.0,,,,
TT_max,GBM_LG,W3_4,478.0,0.6127527301653161,0.1600009457139894,0.0833031171838936,0.1549034051867093,,,,
TT_max,Pers,W3_4,478.0,,,,-0.301374513226377,,,,"deterministic: no CRPS, CRPSS or frost probability"
TT_max,Ridge_LG,W3_4,478.0,0.5701444695784899,0.2184109646918727,0.1470463821900277,0.2454002799100787,,,,
TT_min,Clim,W1,506.0,0.8870596367734931,0.0,-0.0988032192500134,-0.2373493798251003,0.0294832957965358,0.1581027667984189,0.0,
TT_min,Damp,W1,506.0,0.807296175723761,0.0899189386407617,0.0,0.0,0.0302297470268811,0.1581027667984189,-0.0253177675758013,
TT_min,GBM_LG,W1,506.0,0.7781268525701317,0.1228020977254508,0.0361321210613667,0.0393916937973515,0.0288747582855569,0.1581027667984189,0.0206400775265569,
TT_min,Pers,W1,506.0,,,,-0.0382861791124509,,,,"deterministic: no CRPS, CRPSS or frost probability"
TT_min,Ridge_LG,W1,506.0,0.7054579973509628,0.2047231458789749,0.1261472324967942,0.1823228381647967,0.0255234247399391,0.1581027667984189,0.1343089688454042,
TT_min,Clim,W2,497.0,0.7906928138673934,0.0,-0.0723487483449627,-0.1579329001514673,0.0233351743707789,0.1549295774647887,0.0,
TT_min,Damp,W2,497.0,0.7373467028219407,0.0674675551742136,0.0,0.0,0.0250178429514387,0.1549295774647887,-0.0721086782521243,
TT_min,GBM_LG,W2,497.0,0.6926051237628644,0.1240528412352298,0.0606791606822724,0.1049604464652818,0.0217067385243743,0.1549295774647887,0.0697846015860015,
TT_min,Pers,W2,497.0,,,,-0.0126212038468778,,,,"deterministic: no CRPS, CRPSS or frost probability"
TT_min,Ridge_LG,W2,497.0,0.6130886947244099,0.2246183549769423,0.1685204634698659,0.2607657166318484,0.0171527508814815,0.1549295774647887,0.2649401024849126,
TT_min,Clim,W3_4,478.0,0.7447565899712879,0.0,-0.1142793817164238,-0.2157494031988349,0.0207364169742295,0.1589958158995816,0.0,
TT_min,Damp,W3_4,478.0,0.6683750971179894,0.102559002339601,0.0,0.0,0.0198562196054181,0.1589958158995816,0.0424469362236156,
TT_min,GBM_LG,W3_4,478.0,0.634060911550197,0.1486333654669085,0.0513397128584741,0.0395053242434636,0.0180369696894125,0.1589958158995816,0.1301790607399445,
TT_min,Pers,W3_4,478.0,,,,0.0183807522676722,,,,"deterministic: no CRPS, CRPSS or frost probability"
TT_min,Ridge_LG,W3_4,478.0,0.5348202914833777,0.281885788343281,0.199820140233374,0.2774942581066105,0.0146972575259857,0.1589958158995816,0.2912344719798546,
