model,horizon,split,condition,n,CRPSS_clim
CFS_BC,W1,season,DJF,130,0.4835078407955282
CFS_BC,W1,season,JJA,120,0.2078517882793054
CFS_BC,W1,season,MAM,126,0.49763845336538803
CFS_BC,W1,season,SON,130,0.403154627556905
CFS_BC,W2,season,DJF,130,0.3618242237400845
CFS_BC,W2,season,JJA,110,0.058799581511739585
CFS_BC,W2,season,MAM,127,0.3142847685912237
CFS_BC,W2,season,SON,130,0.3334430505482694
CFS_BC,W3_4,season,DJF,130,0.2258306117849196
CFS_BC,W3_4,season,JJA,90,0.17131117666283568
CFS_BC,W3_4,season,MAM,128,0.19869797830395464
CFS_BC,W3_4,season,SON,130,0.24107197595077523
Chronos,W1,season,DJF,130,0.21090683942664834
Chronos,W1,season,JJA,120,-0.07322498539167066
Chronos,W1,season,MAM,126,0.13152042931167307
Chronos,W1,season,SON,130,0.15491091801781987
Chronos,W2,season,DJF,130,0.18916393847971247
Chronos,W2,season,JJA,110,-0.08038769343042618
Chronos,W2,season,MAM,127,0.07128942585545162
Chronos,W2,season,SON,130,0.07761491762552608
Chronos,W3_4,season,DJF,130,0.23303133109319063
Chronos,W3_4,season,JJA,90,-0.13429890223412078
Chronos,W3_4,season,MAM,128,0.1060737794985227
Chronos,W3_4,season,SON,130,0.07622947933563085
Clim,W1,season,DJF,130,0.0
Clim,W1,season,JJA,120,0.0
Clim,W1,season,MAM,126,0.0
Clim,W1,season,SON,130,0.0
Clim,W2,season,DJF,130,0.0
Clim,W2,season,JJA,110,0.0
Clim,W2,season,MAM,127,0.0
Clim,W2,season,SON,130,0.0
Clim,W3_4,season,DJF,130,0.0
Clim,W3_4,season,JJA,90,0.0
Clim,W3_4,season,MAM,128,0.0
Clim,W3_4,season,SON,130,0.0
Damp,W1,season,DJF,130,0.22953428724355773
Damp,W1,season,JJA,120,0.005522115209112277
Damp,W1,season,MAM,126,0.1430731145284474
Damp,W1,season,SON,130,0.10574140988423386
Damp,W2,season,DJF,130,0.24393269214571922
Damp,W2,season,JJA,110,0.00358094189705771
Damp,W2,season,MAM,127,0.06983052134640233
Damp,W2,season,SON,130,0.06554491570400534
Damp,W3_4,season,DJF,130,0.272463745362863
Damp,W3_4,season,JJA,90,0.014835586156657476
Damp,W3_4,season,MAM,128,0.09409020149105118
Damp,W3_4,season,SON,130,0.11507532397549469
Ensemble,W1,season,DJF,130,0.38544420991376716
Ensemble,W1,season,JJA,120,0.14994126237120986
Ensemble,W1,season,MAM,126,0.3166263371079948
Ensemble,W1,season,SON,130,0.2723381547056448
Ensemble,W2,season,DJF,130,0.400268596190299
Ensemble,W2,season,JJA,110,0.2216481769745584
Ensemble,W2,season,MAM,127,0.2580809632848279
Ensemble,W2,season,SON,130,0.26469205511317473
Ensemble,W3_4,season,DJF,130,0.4644826682052121
Ensemble,W3_4,season,JJA,90,0.30693573839805477
Ensemble,W3_4,season,MAM,128,0.2544294490285005
Ensemble,W3_4,season,SON,130,0.3159566575682492
GBM_L,W1,season,DJF,130,0.34749777378594104
GBM_L,W1,season,JJA,120,0.1432484854591789
GBM_L,W1,season,MAM,126,0.19909239152530545
GBM_L,W1,season,SON,130,0.15780470766592858
GBM_L,W2,season,DJF,130,0.2709683831541678
GBM_L,W2,season,JJA,110,0.14619455760066957
GBM_L,W2,season,MAM,127,0.08211315254734664
GBM_L,W2,season,SON,130,0.10216198181706881
GBM_L,W3_4,season,DJF,130,0.32944483047109696
GBM_L,W3_4,season,JJA,90,0.12996378338869796
GBM_L,W3_4,season,MAM,128,0.07709620206276813
GBM_L,W3_4,season,SON,130,0.10796525637204712
GBM_LG,W1,season,DJF,130,0.3661801955128621
GBM_LG,W1,season,JJA,120,0.09588440346361204
GBM_LG,W1,season,MAM,126,0.26678183242205833
GBM_LG,W1,season,SON,130,0.1805852992296697
GBM_LG,W2,season,DJF,130,0.36659003492341635
GBM_LG,W2,season,JJA,110,0.16437420710873663
GBM_LG,W2,season,MAM,127,0.1986564948145284
GBM_LG,W2,season,SON,130,0.17316316786276598
GBM_LG,W3_4,season,DJF,130,0.43678510601187415
GBM_LG,W3_4,season,JJA,90,0.3076660530967936
GBM_LG,W3_4,season,MAM,128,0.17665397685625328
GBM_LG,W3_4,season,SON,130,0.2267723488656057
GBM_LG@EC,W1,season,DJF,130,0.3683692960210655
GBM_LG@EC,W1,season,JJA,120,0.1222153434335096
GBM_LG@EC,W1,season,MAM,126,0.33851291885614787
GBM_LG@EC,W1,season,SON,130,0.15880747027761644
GBM_LG@EC,W2,season,DJF,130,0.36332601194807423
GBM_LG@EC,W2,season,JJA,110,0.15283305996470442
GBM_LG@EC,W2,season,MAM,127,0.2929455945451076
GBM_LG@EC,W2,season,SON,130,0.1296606284462415
GBM_LG@EC,W3_4,season,DJF,130,0.43553858973045056
GBM_LG@EC,W3_4,season,JJA,90,0.2322562641043181
GBM_LG@EC,W3_4,season,MAM,128,0.23652711660429215
GBM_LG@EC,W3_4,season,SON,130,0.22147522078716375
LSTM_LG,W1,season,DJF,130,0.3625409925234101
LSTM_LG,W1,season,JJA,120,0.09935153607934455
LSTM_LG,W1,season,MAM,126,0.3025065839931883
LSTM_LG,W1,season,SON,130,0.26246441433296297
LSTM_LG,W2,season,DJF,130,0.4183434510043451
LSTM_LG,W2,season,JJA,110,0.19154703205970536
LSTM_LG,W2,season,MAM,127,0.2635245448378355
LSTM_LG,W2,season,SON,130,0.2914527444074516
LSTM_LG,W3_4,season,DJF,130,0.5025342507793885
LSTM_LG,W3_4,season,JJA,90,0.32531873106404097
LSTM_LG,W3_4,season,MAM,128,0.257481847747998
LSTM_LG,W3_4,season,SON,130,0.3704873653552543
Ridge_L,W1,season,DJF,130,0.3179787911835993
Ridge_L,W1,season,JJA,120,0.1287019906690734
Ridge_L,W1,season,MAM,126,0.22453738732018247
Ridge_L,W1,season,SON,130,0.22213780114698567
Ridge_L,W2,season,DJF,130,0.30225961963848025
Ridge_L,W2,season,JJA,110,0.14804085911277753
Ridge_L,W2,season,MAM,127,0.18175881971531394
Ridge_L,W2,season,SON,130,0.19208012758714998
Ridge_L,W3_4,season,DJF,130,0.3234986945260143
Ridge_L,W3_4,season,JJA,90,0.19838090803815878
Ridge_L,W3_4,season,MAM,128,0.21093939230121994
Ridge_L,W3_4,season,SON,130,0.229653861656815
Ridge_LG,W1,season,DJF,130,0.38540579028031874
Ridge_LG,W1,season,JJA,120,0.15524604299785827
Ridge_LG,W1,season,MAM,126,0.2969355503819968
Ridge_LG,W1,season,SON,130,0.292977298330644
Ridge_LG,W2,season,DJF,130,0.417554607357685
Ridge_LG,W2,season,JJA,110,0.2631953763844127
Ridge_LG,W2,season,MAM,127,0.25099896104677155
Ridge_LG,W2,season,SON,130,0.31674933443753606
Ridge_LG,W3_4,season,DJF,130,0.4793294501158629
Ridge_LG,W3_4,season,JJA,90,0.3874804473363299
Ridge_LG,W3_4,season,MAM,128,0.23701559290052143
Ridge_LG,W3_4,season,SON,130,0.40614464993569865
Ridge_LG@EC,W1,season,DJF,130,0.38313846839143373
Ridge_LG@EC,W1,season,JJA,120,0.14738292212148818
Ridge_LG@EC,W1,season,MAM,126,0.33433533096880974
Ridge_LG@EC,W1,season,SON,130,0.30793982699800226
Ridge_LG@EC,W2,season,DJF,130,0.4234826632394304
Ridge_LG@EC,W2,season,JJA,110,0.23850772079011384
Ridge_LG@EC,W2,season,MAM,127,0.30245779000862094
Ridge_LG@EC,W2,season,SON,130,0.34783012144081904
Ridge_LG@EC,W3_4,season,DJF,130,0.4594609598766096
Ridge_LG@EC,W3_4,season,JJA,90,0.33142306833360924
Ridge_LG@EC,W3_4,season,MAM,128,0.29238552552009267
Ridge_LG@EC,W3_4,season,SON,130,0.40349772559724306
CFS_BC,W1,enso,El Niño,250,0.461434560375213
CFS_BC,W1,enso,La Niña,175,0.36000735344379176
CFS_BC,W1,enso,neutral,81,0.31555610516101074
CFS_BC,W2,enso,El Niño,245,0.3907411779977018
CFS_BC,W2,enso,La Niña,175,0.140847323941794
CFS_BC,W2,enso,neutral,77,0.1780850151587804
CFS_BC,W3_4,enso,El Niño,240,0.2908456283083526
CFS_BC,W3_4,enso,La Niña,175,0.06956263054071754
CFS_BC,W3_4,enso,neutral,63,0.1388637753907196
Chronos,W1,enso,El Niño,250,0.2086150405121282
Chronos,W1,enso,La Niña,175,0.04440927403846917
Chronos,W1,enso,neutral,81,-0.0916020004653677
Chronos,W2,enso,El Niño,245,0.11536599331282726
Chronos,W2,enso,La Niña,175,0.09138957100136891
Chronos,W2,enso,neutral,77,-0.09887843728412515
Chronos,W3_4,enso,El Niño,240,0.14508486940707654
Chronos,W3_4,enso,La Niña,175,0.10996870709252893
Chronos,W3_4,enso,neutral,63,-0.2768229244788474
Clim,W1,enso,El Niño,250,0.0
Clim,W1,enso,La Niña,175,0.0
Clim,W1,enso,neutral,81,0.0
Clim,W2,enso,El Niño,245,0.0
Clim,W2,enso,La Niña,175,0.0
Clim,W2,enso,neutral,77,0.0
Clim,W3_4,enso,El Niño,240,0.0
Clim,W3_4,enso,La Niña,175,0.0
Clim,W3_4,enso,neutral,63,0.0
Damp,W1,enso,El Niño,250,0.19331929575085183
Damp,W1,enso,La Niña,175,0.04400314226185276
Damp,W1,enso,neutral,81,0.06847040135089333
Damp,W2,enso,El Niño,245,0.15984492088034497
Damp,W2,enso,La Niña,175,0.04382624485405062
Damp,W2,enso,neutral,77,0.013130791650724505
Damp,W3_4,enso,El Niño,240,0.20555640901224959
Damp,W3_4,enso,La Niña,175,0.04569947818695075
Damp,W3_4,enso,neutral,63,-0.0038297638151014723
Ensemble,W1,enso,El Niño,250,0.38586261097730146
Ensemble,W1,enso,La Niña,175,0.1557967340543991
Ensemble,W1,enso,neutral,81,0.2009454574520395
Ensemble,W2,enso,El Niño,245,0.3689268852396531
Ensemble,W2,enso,La Niña,175,0.19578961950135454
Ensemble,W2,enso,neutral,77,0.15807792870958015
Ensemble,W3_4,enso,El Niño,240,0.42493397944606626
Ensemble,W3_4,enso,La Niña,175,0.23417837826731247
Ensemble,W3_4,enso,neutral,63,0.06438540380861635
GBM_L,W1,enso,El Niño,250,0.28942009599262775
GBM_L,W1,enso,La Niña,175,0.10891033409196349
GBM_L,W1,enso,neutral,81,0.1782075318652675
GBM_L,W2,enso,El Niño,245,0.19715397592411343
GBM_L,W2,enso,La Niña,175,0.08988473352464132
GBM_L,W2,enso,neutral,77,0.08347318020227756
GBM_L,W3_4,enso,El Niño,240,0.23022245526422414
GBM_L,W3_4,enso,La Niña,175,0.0862685362321558
GBM_L,W3_4,enso,neutral,63,-0.03324897519000003
GBM_LG,W1,enso,El Niño,250,0.3410781317226894
GBM_LG,W1,enso,La Niña,175,0.08365801306126386
GBM_LG,W1,enso,neutral,81,0.1520733820260355
GBM_LG,W2,enso,El Niño,245,0.3266083989435127
GBM_LG,W2,enso,La Niña,175,0.09270277528783633
GBM_LG,W2,enso,neutral,77,0.10235659797591212
GBM_LG,W3_4,enso,El Niño,240,0.3847126271295519
GBM_LG,W3_4,enso,La Niña,175,0.13137989555617935
GBM_LG,W3_4,enso,neutral,63,0.04286527019337927
GBM_LG@EC,W1,enso,El Niño,250,0.3557134794875281
GBM_LG@EC,W1,enso,La Niña,175,0.08666064100674908
GBM_LG@EC,W1,enso,neutral,81,0.20931540984319086
GBM_LG@EC,W2,enso,El Niño,245,0.3093815091256783
GBM_LG@EC,W2,enso,La Niña,175,0.12637629428695418
GBM_LG@EC,W2,enso,neutral,77,0.18114374063796645
GBM_LG@EC,W3_4,enso,El Niño,240,0.3592016177028994
GBM_LG@EC,W3_4,enso,La Niña,175,0.20757215891317615
GBM_LG@EC,W3_4,enso,neutral,63,0.013016825760847062
LSTM_LG,W1,enso,El Niño,250,0.36411245870630016
LSTM_LG,W1,enso,La Niña,175,0.14185766531549504
LSTM_LG,W1,enso,neutral,81,0.15417148486284116
LSTM_LG,W2,enso,El Niño,245,0.39679209403283866
LSTM_LG,W2,enso,La Niña,175,0.19418422116124412
LSTM_LG,W2,enso,neutral,77,0.09882012097492687
LSTM_LG,W3_4,enso,El Niño,240,0.4682828283478786
LSTM_LG,W3_4,enso,La Niña,175,0.2498077236935764
LSTM_LG,W3_4,enso,neutral,63,0.06752123306034141
Ridge_L,W1,enso,El Niño,250,0.28616737968067907
Ridge_L,W1,enso,La Niña,175,0.1681738336352332
Ridge_L,W1,enso,neutral,81,0.14752396403885293
Ridge_L,W2,enso,El Niño,245,0.25044051764393227
Ridge_L,W2,enso,La Niña,175,0.1781047342169375
Ridge_L,W2,enso,neutral,77,0.12057001748064733
Ridge_L,W3_4,enso,El Niño,240,0.30208382818355595
Ridge_L,W3_4,enso,La Niña,175,0.17457064619351303
Ridge_L,W3_4,enso,neutral,63,0.07495192944077511
Ridge_LG,W1,enso,El Niño,250,0.3846701226082898
Ridge_LG,W1,enso,La Niña,175,0.17738183154060894
Ridge_LG,W1,enso,neutral,81,0.1666085639432966
Ridge_LG,W2,enso,El Niño,245,0.3954980256484125
Ridge_LG,W2,enso,La Niña,175,0.23864163755866952
Ridge_LG,W2,enso,neutral,77,0.12732294867846738
Ridge_LG,W3_4,enso,El Niño,240,0.4676981448560933
Ridge_LG,W3_4,enso,La Niña,175,0.290806165304472
Ridge_LG,W3_4,enso,neutral,63,0.0171613400805829
Ridge_LG@EC,W1,enso,El Niño,250,0.3899667686735355
Ridge_LG@EC,W1,enso,La Niña,175,0.18738133590316475
Ridge_LG@EC,W1,enso,neutral,81,0.21200556939294857
Ridge_LG@EC,W2,enso,El Niño,245,0.4064691988787986
Ridge_LG@EC,W2,enso,La Niña,175,0.2656731777283001
Ridge_LG@EC,W2,enso,neutral,77,0.18568860744645765
Ridge_LG@EC,W3_4,enso,El Niño,240,0.45076640066225415
Ridge_LG@EC,W3_4,enso,La Niña,175,0.3046334325712947
Ridge_LG@EC,W3_4,enso,neutral,63,0.10671189079493526
CFS_BC,W1,mjo,MJO active,241,0.4673705790098913
CFS_BC,W1,mjo,MJO inactive,265,0.3643612949082895
CFS_BC,W2,mjo,MJO active,242,0.34457701472362423
CFS_BC,W2,mjo,MJO inactive,255,0.2534254558435449
CFS_BC,W3_4,mjo,MJO active,243,0.22494314258921244
CFS_BC,W3_4,mjo,MJO inactive,235,0.21061757440066275
Chronos,W1,mjo,MJO active,241,0.16247058982473184
Chronos,W1,mjo,MJO inactive,265,0.09136917030905445
Chronos,W2,mjo,MJO active,242,0.07888384460998077
Chronos,W2,mjo,MJO inactive,255,0.09467135776984492
Chronos,W3_4,mjo,MJO active,243,0.12833997003740416
Chronos,W3_4,mjo,MJO inactive,235,0.08283859636422919
Clim,W1,mjo,MJO active,241,0.0
Clim,W1,mjo,MJO inactive,265,0.0
Clim,W2,mjo,MJO active,242,0.0
Clim,W2,mjo,MJO inactive,255,0.0
Clim,W3_4,mjo,MJO active,243,0.0
Clim,W3_4,mjo,MJO inactive,235,0.0
Damp,W1,mjo,MJO active,241,0.14911042252839557
Damp,W1,mjo,MJO inactive,265,0.11909401044190315
Damp,W2,mjo,MJO active,242,0.12559402660544128
Damp,W2,mjo,MJO inactive,255,0.09881383972485047
Damp,W3_4,mjo,MJO active,243,0.16888197381502645
Damp,W3_4,mjo,MJO inactive,235,0.12342758124875497
Ensemble,W1,mjo,MJO active,241,0.3276940521332391
Ensemble,W1,mjo,MJO inactive,265,0.2635627623676481
Ensemble,W2,mjo,MJO active,242,0.31726958431863905
Ensemble,W2,mjo,MJO inactive,255,0.2799292803067521
Ensemble,W3_4,mjo,MJO active,243,0.3745733596279852
Ensemble,W3_4,mjo,MJO inactive,235,0.3177161408274535
GBM_L,W1,mjo,MJO active,241,0.2715274276694467
GBM_L,W1,mjo,MJO inactive,265,0.17401024829646294
GBM_L,W2,mjo,MJO active,242,0.1771838603229864
GBM_L,W2,mjo,MJO inactive,255,0.13401065594097716
GBM_L,W3_4,mjo,MJO active,243,0.20013760255733726
GBM_L,W3_4,mjo,MJO inactive,235,0.14305581619963859
GBM_LG,W1,mjo,MJO active,241,0.29094251439321295
GBM_LG,W1,mjo,MJO inactive,265,0.19368439952937533
GBM_LG,W2,mjo,MJO active,242,0.27837402498512154
GBM_LG,W2,mjo,MJO inactive,255,0.1979041998538993
GBM_LG,W3_4,mjo,MJO active,243,0.33342090697848226
GBM_LG,W3_4,mjo,MJO inactive,235,0.24673495419244595
GBM_LG@EC,W1,mjo,MJO active,241,0.298227651925526
GBM_LG@EC,W1,mjo,MJO inactive,265,0.21693614197164246
GBM_LG@EC,W2,mjo,MJO active,242,0.29406504966620284
GBM_LG@EC,W2,mjo,MJO inactive,255,0.19680431664554354
GBM_LG@EC,W3_4,mjo,MJO active,243,0.32778995351628404
GBM_LG@EC,W3_4,mjo,MJO inactive,235,0.2575576719279584
LSTM_LG,W1,mjo,MJO active,241,0.31056475157347097
LSTM_LG,W1,mjo,MJO inactive,265,0.2370581224389121
LSTM_LG,W2,mjo,MJO active,242,0.3403706479134214
LSTM_LG,W2,mjo,MJO inactive,255,0.27892959404988826
LSTM_LG,W3_4,mjo,MJO active,243,0.4198364848295757
LSTM_LG,W3_4,mjo,MJO inactive,235,0.3384910519324835
Ridge_L,W1,mjo,MJO active,241,0.2575025781983168
Ridge_L,W1,mjo,MJO inactive,265,0.21338830607432424
Ridge_L,W2,mjo,MJO active,242,0.22238950994960882
Ridge_L,W2,mjo,MJO inactive,255,0.21122466450608568
Ridge_L,W3_4,mjo,MJO active,243,0.26414504746255285
Ridge_L,W3_4,mjo,MJO inactive,235,0.236370886889674
Ridge_LG,W1,mjo,MJO active,241,0.31557878248198856
Ridge_LG,W1,mjo,MJO inactive,265,0.2798262736630106
Ridge_LG,W2,mjo,MJO active,242,0.3391179046173126
Ridge_LG,W2,mjo,MJO inactive,255,0.3088950416095606
Ridge_LG,W3_4,mjo,MJO active,243,0.3928634729352388
Ridge_LG,W3_4,mjo,MJO inactive,235,0.37856523815746834
Ridge_LG@EC,W1,mjo,MJO active,241,0.3323805352629643
Ridge_LG@EC,W1,mjo,MJO inactive,265,0.28523519520867036
Ridge_LG@EC,W2,mjo,MJO active,242,0.3599912939930372
Ridge_LG@EC,W2,mjo,MJO inactive,255,0.3287253134925302
Ridge_LG@EC,W3_4,mjo,MJO active,243,0.394306983936798
Ridge_LG@EC,W3_4,mjo,MJO inactive,235,0.3760057752875887
