fold,station,horizon,n_eval,n_train,intercept,slope,resid_sd,corr_train,corr_eval
B1,040114,W1,51,185,0.03446886418139095,0.9037000723985273,0.6285070437296282,0.7559242809596289,0.8181855060025089
B1,040114,W2,50,187,0.03551395899762764,0.5783311835016839,0.611978665930422,0.5603145584868177,0.49802884554652505
B1,040114,W3_4,48,187,0.022393315718643562,0.42710304920703285,0.525200608093723,0.3836555682936111,0.36891013502157605
B1,040514,W1,51,185,0.07099213186609821,0.7243359387951116,0.574245151856605,0.6965068370185148,0.7460708496760781
B1,040514,W2,50,187,0.05813966651780331,0.4183036861671348,0.5635948774203124,0.459775293250194,0.3673241029324615
B1,040514,W3_4,48,187,0.03845941054913267,0.2826552931376302,0.4561897960902601,0.3020038261071874,0.024905205196138622
B1,150701,W1,51,173,-0.20077443073335668,0.7038109857365157,0.6215337536693739,0.5565124844349753,0.6142490983979871
B1,150701,W2,50,178,-0.19794407717427454,0.4751993215652699,0.573573437784925,0.41604556077556404,0.3810328500686696
B1,150701,W3_4,48,179,-0.20308149047140034,0.48108890497532886,0.5146057400483888,0.34801603288291844,0.3079161653250182
B1,151007,W1,47,186,-0.07797890297839273,0.9253351436766644,0.556939303269569,0.7043002009429532,0.6303565867874188
B1,151007,W2,47,187,-0.08177658846833331,0.49830399585839524,0.5621495959331133,0.43855179550095563,0.21350609126287504
B1,151007,W3_4,46,187,-0.0901716112271088,0.49855662600841416,0.4653727143167129,0.37674572969971504,-0.11682481323843406
B1,230201,W1,51,187,-0.06423715437009106,0.9273107877060884,0.6460331417536049,0.778939389271291,0.8094761904404628
B1,230201,W2,50,187,-0.07145133996267894,0.5808585820481837,0.643018254746719,0.5579130056832668,0.5634310393684419
B1,230201,W3_4,48,187,-0.08185750383263306,0.34615566797304287,0.5567650390764655,0.2957691466337649,0.4159134642968556
B2,040114,W1,51,237,-0.044088165513247686,0.9773200985728442,0.6270782124435481,0.7838143149317006,0.6727201508719978
B2,040114,W2,50,239,-0.03635858240917761,0.635543674793958,0.6474700905368176,0.5777399025625893,0.5263413141138081
B2,040114,W3_4,48,239,-0.03941966625195782,0.5135754771381779,0.5602320483405502,0.43346196811989923,0.1851142006474727
B2,040514,W1,51,237,0.0030111486143329785,0.8302752052072002,0.6241226220935545,0.739173363404988,0.7053805210154751
B2,040514,W2,50,239,0.00010697454328691748,0.4854825104041013,0.6430943262268142,0.48572700988032247,0.49252869427111884
B2,040514,W3_4,48,239,-0.01115845669608281,0.3260086662499257,0.5297507624006822,0.31237829872192396,0.40498678857997417
B2,150701,W1,51,225,-0.2231959586664016,0.7050693163095467,0.5945804651895246,0.5793991884373922,0.6485469128905795
B2,150701,W2,50,230,-0.2196087761261359,0.44417156080047665,0.5674235704202593,0.4132322488059178,0.5194195266236837
B2,150701,W3_4,48,231,-0.21735179640777927,0.4858115282461665,0.5008324964785749,0.37372520887964733,0.14098157760579447
B2,151007,W1,51,234,-0.08531715916126799,0.8941472224445367,0.549820320483988,0.6951018635189046,0.72374415875476
B2,151007,W2,50,236,-0.09148667400397754,0.44137353249444594,0.5465106209513365,0.41862272945746837,0.4575053270305578
B2,151007,W3_4,48,237,-0.09315378033428358,0.38551553461510674,0.44036599651261077,0.3298080984941667,0.2732312563326012
B2,230201,W1,51,239,-0.10782165678131629,0.9249311146717596,0.6371709151753565,0.8010927835991362,0.6569076291625283
B2,230201,W2,50,239,-0.1076580903260801,0.5968964501774168,0.659029676324095,0.5737738256422716,0.3686511610617045
B2,230201,W3_4,48,239,-0.10850634005919313,0.3947169131605668,0.5708341859846696,0.34515461798444175,0.09862371879657561
