variant,role,horizon,n,cov50,cov90,width90,crps,crpss_clim,k
Ensemble,blind,W1,506,0.3656,0.753,1.8885,0.4974,0.2948,
Ensemble,blind,W2,497,0.3561,0.6861,1.5453,0.4502,0.298,
Ensemble,blind,W3_4,478,0.2741,0.6297,1.1687,0.3942,0.3453,
Ensemble,dev,W1,760,0.3368,0.7184,1.7978,0.483,0.1314,
Ensemble,dev,W2,749,0.3284,0.7156,1.4188,0.3929,0.1215,
Ensemble,dev,W3_4,719,0.2921,0.7038,1.0135,0.3019,0.1632,
Ensemble+k,blind,W1,506,0.504,0.8992,2.7646,0.4861,0.3109,1.4639
Ensemble+k,blind,W2,497,0.5191,0.8994,2.4303,0.4334,0.3241,1.5727
Ensemble+k,blind,W3_4,478,0.4519,0.8745,1.9075,0.3733,0.3801,1.6321
Ensemble+k,dev,W1,760,0.4184,0.8421,2.2582,0.4715,0.1521,1.2621
Ensemble+k,dev,W2,749,0.4286,0.8478,1.8305,0.3828,0.1442,1.2988
Ensemble+k,dev,W3_4,719,0.3839,0.8414,1.3574,0.2933,0.1872,1.3555
Ensemble-Chronos,blind,W1,506,0.3913,0.8182,2.2791,0.5035,0.2862,
Ensemble-Chronos,blind,W2,497,0.4125,0.7726,1.8081,0.4442,0.3074,
Ensemble-Chronos,blind,W3_4,478,0.3117,0.6987,1.3362,0.3794,0.3699,
Ensemble-Chronos,dev,W1,760,0.3987,0.8105,2.1783,0.4811,0.1348,
Ensemble-Chronos,dev,W2,749,0.3939,0.7904,1.6758,0.3916,0.1245,
Ensemble-Chronos,dev,W3_4,719,0.3115,0.7608,1.1803,0.3029,0.1605,
Ensemble-Chronos+k,blind,W1,506,0.496,0.8933,2.8049,0.4994,0.292,1.2307
Ensemble-Chronos+k,blind,W2,497,0.495,0.8793,2.3507,0.4364,0.3195,1.3001
Ensemble-Chronos+k,blind,W3_4,478,0.4749,0.8849,1.9455,0.3671,0.3903,1.456
Ensemble-Chronos+k,dev,W1,760,0.4474,0.8724,2.4828,0.4774,0.1414,1.1388
Ensemble-Chronos+k,dev,W2,749,0.4473,0.8611,1.9831,0.3871,0.1345,1.1851
Ensemble-Chronos+k,dev,W3_4,719,0.3936,0.8512,1.4465,0.2971,0.1767,1.2337
Chronos,blind,W1,506,0.081,0.2194,0.488,0.6165,0.126,
Chronos,blind,W2,497,0.1087,0.2897,0.6062,0.5855,0.087,
Chronos,blind,W3_4,478,0.1339,0.3096,0.5784,0.5389,0.1049,
Chronos,dev,W1,760,0.0855,0.2211,0.4337,0.5874,-0.0564,
Chronos,dev,W2,749,0.1242,0.2817,0.5004,0.4789,-0.0706,
Chronos,dev,W3_4,719,0.1391,0.3032,0.4256,0.3698,-0.0248,
